altname,wsname,indexofslash,from,to,quote,indexvertexfrom,indexvertexto
0GEUR,0G/EUR,2,0G,EUR,ZEUR,1,167
0GUSD,0G/USD,2,0G,USD,ZUSD,1,490
1INCHEUR,1INCH/EUR,5,1INCH,EUR,ZEUR,2,167
1INCHUSD,1INCH/USD,5,1INCH,USD,ZUSD,2,490
2ZEUR,2Z/EUR,2,2Z,EUR,ZEUR,3,167
2ZUSD,2Z/USD,2,2Z,USD,ZUSD,3,490
AAVEETH,AAVE/ETH,4,AAVE,ETH,XETH,5,163
AAVEEUR,AAVE/EUR,4,AAVE,EUR,ZEUR,5,167
AAVEGBP,AAVE/GBP,4,AAVE,GBP,ZGBP,5,194
AAVEUSD,AAVE/USD,4,AAVE,USD,ZUSD,5,490
AAVEXBT,AAVE/XBT,4,AAVE,XBT,XXBT,5,529
ABEUR,AB/EUR,2,AB,EUR,ZEUR,6,167
ABUSD,AB/USD,2,AB,USD,ZUSD,6,490
ACAEUR,ACA/EUR,3,ACA,EUR,ZEUR,7,167
ACAUSD,ACA/USD,3,ACA,USD,ZUSD,7,490
ACHEUR,ACH/EUR,3,ACH,EUR,ZEUR,8,167
ACHUSD,ACH/USD,3,ACH,USD,ZUSD,8,490
ACTEUR,ACT/EUR,3,ACT,EUR,ZEUR,9,167
ACTUSD,ACT/USD,3,ACT,USD,ZUSD,9,490
ACXEUR,ACX/EUR,3,ACX,EUR,ZEUR,10,167
ACXUSD,ACX/USD,3,ACX,USD,ZUSD,10,490
ADAAUD,ADA/AUD,3,ADA,AUD,ZAUD,11,54
ADAETH,ADA/ETH,3,ADA,ETH,XETH,11,163
ADAEUR,ADA/EUR,3,ADA,EUR,ZEUR,11,167
ADAGBP,ADA/GBP,3,ADA,GBP,ZGBP,11,194
ADAUSD,ADA/USD,3,ADA,USD,ZUSD,11,490
ADAUSDC,ADA/USDC,3,ADA,USDC,USDC,11,492
ADAUSDT,ADA/USDT,3,ADA,USDT,USDT,11,499
ADAXBT,ADA/XBT,3,ADA,XBT,XXBT,11,529
ADXEUR,ADX/EUR,3,ADX,EUR,ZEUR,12,167
ADXUSD,ADX/USD,3,ADX,USD,ZUSD,12,490
AEROEUR,AERO/EUR,4,AERO,EUR,ZEUR,13,167
AEROUSD,AERO/USD,4,AERO,USD,ZUSD,13,490
AEUR,A/EUR,1,A,EUR,ZEUR,4,167
AEVOEUR,AEVO/EUR,4,AEVO,EUR,ZEUR,14,167
AEVOUSD,AEVO/USD,4,AEVO,USD,ZUSD,14,490
AGLDEUR,AGLD/EUR,4,AGLD,EUR,ZEUR,15,167
AGLDUSD,AGLD/USD,4,AGLD,USD,ZUSD,15,490
AI16ZEUR,AI16Z/EUR,5,AI16Z,EUR,ZEUR,16,167
AI16ZUSD,AI16Z/USD,5,AI16Z,USD,ZUSD,16,490
AI16ZUSDC,AI16Z/USDC,5,AI16Z,USDC,USDC,16,492
AI16ZUSDT,AI16Z/USDT,5,AI16Z,USDT,USDT,16,499
AI3EUR,AI3/EUR,3,AI3,EUR,ZEUR,17,167
AI3USD,AI3/USD,3,AI3,USD,ZUSD,17,490
AIOZEUR,AIOZ/EUR,4,AIOZ,EUR,ZEUR,18,167
AIOZUSD,AIOZ/USD,4,AIOZ,USD,ZUSD,18,490
AIREUR,AIR/EUR,3,AIR,EUR,ZEUR,19,167
AIRUSD,AIR/USD,3,AIR,USD,ZUSD,19,490
AIXBTEUR,AIXBT/EUR,5,AIXBT,EUR,ZEUR,20,167
AIXBTUSD,AIXBT/USD,5,AIXBT,USD,ZUSD,20,490
AKEEUR,AKE/EUR,3,AKE,EUR,ZEUR,21,167
AKEUSD,AKE/USD,3,AKE,USD,ZUSD,21,490
AKTEUR,AKT/EUR,3,AKT,EUR,ZEUR,22,167
AKTUSD,AKT/USD,3,AKT,USD,ZUSD,22,490
ALCHEUR,ALCH/EUR,4,ALCH,EUR,ZEUR,23,167
ALCHUSD,ALCH/USD,4,ALCH,USD,ZUSD,23,490
ALCXEUR,ALCX/EUR,4,ALCX,EUR,ZEUR,24,167
ALCXUSD,ALCX/USD,4,ALCX,USD,ZUSD,24,490
ALGOETH,ALGO/ETH,4,ALGO,ETH,XETH,25,163
ALGOEUR,ALGO/EUR,4,ALGO,EUR,ZEUR,25,167
ALGOGBP,ALGO/GBP,4,ALGO,GBP,ZGBP,25,194
ALGOUSD,ALGO/USD,4,ALGO,USD,ZUSD,25,490
ALGOUSDC,ALGO/USDC,4,ALGO,USDC,USDC,25,492
ALGOUSDT,ALGO/USDT,4,ALGO,USDT,USDT,25,499
ALGOXBT,ALGO/XBT,4,ALGO,XBT,XXBT,25,529
ALICEEUR,ALICE/EUR,5,ALICE,EUR,ZEUR,26,167
ALICEUSD,ALICE/USD,5,ALICE,USD,ZUSD,26,490
ALKIMIEUR,ALKIMI/EUR,6,ALKIMI,EUR,ZEUR,27,167
ALKIMIUSD,ALKIMI/USD,6,ALKIMI,USD,ZUSD,27,490
ALPHAEUR,ALPHA/EUR,5,ALPHA,EUR,ZEUR,28,167
ALPHAUSD,ALPHA/USD,5,ALPHA,USD,ZUSD,28,490
ALTEUR,ALT/EUR,3,ALT,EUR,ZEUR,29,167
ALTHEAEUR,ALTHEA/EUR,6,ALTHEA,EUR,ZEUR,30,167
ALTHEAUSD,ALTHEA/USD,6,ALTHEA,USD,ZUSD,30,490
ALTUSD,ALT/USD,3,ALT,USD,ZUSD,29,490
ANIMEEUR,ANIME/EUR,5,ANIME,EUR,ZEUR,31,167
ANIMEUSD,ANIME/USD,5,ANIME,USD,ZUSD,31,490
ANKREUR,ANKR/EUR,4,ANKR,EUR,ZEUR,32,167
ANKRUSD,ANKR/USD,4,ANKR,USD,ZUSD,32,490
ANKRXBT,ANKR/XBT,4,ANKR,XBT,XXBT,32,529
ANLOGEUR,ANLOG/EUR,5,ANLOG,EUR,ZEUR,33,167
ANLOGUSD,ANLOG/USD,5,ANLOG,USD,ZUSD,33,490
ANONEUR,ANON/EUR,4,ANON,EUR,ZEUR,34,167
ANONUSD,ANON/USD,4,ANON,USD,ZUSD,34,490
APEEUR,APE/EUR,3,APE,EUR,ZEUR,35,167
APENFTEUR,APENFT/EUR,6,APENFT,EUR,ZEUR,36,167
APENFTUSD,APENFT/USD,6,APENFT,USD,ZUSD,36,490
APEUSD,APE/USD,3,APE,USD,ZUSD,35,490
APEUSDC,APE/USDC,3,APE,USDC,USDC,35,492
APEUSDT,APE/USDT,3,APE,USDT,USDT,35,499
API3EUR,API3/EUR,4,API3,EUR,ZEUR,37,167
API3USD,API3/USD,4,API3,USD,ZUSD,37,490
APREUR,APR/EUR,3,APR,EUR,ZEUR,38,167
APRUSD,APR/USD,3,APR,USD,ZUSD,38,490
APTEUR,APT/EUR,3,APT,EUR,ZEUR,39,167
APTUSD,APT/USD,3,APT,USD,ZUSD,39,490
APUEUR,APU/EUR,3,APU,EUR,ZEUR,40,167
APUUSD,APU/USD,3,APU,USD,ZUSD,40,490
ARBEUR,ARB/EUR,3,ARB,EUR,ZEUR,42,167
ARBUSD,ARB/USD,3,ARB,USD,ZUSD,42,490
ARCEUR,ARC/EUR,3,ARC,EUR,ZEUR,43,167
ARCUSD,ARC/USD,3,ARC,USD,ZUSD,43,490
AREUR,AR/EUR,2,AR,EUR,ZEUR,41,167
ARKMEUR,ARKM/EUR,4,ARKM,EUR,ZEUR,44,167
ARKMUSD,ARKM/USD,4,ARKM,USD,ZUSD,44,490
ARPAEUR,ARPA/EUR,4,ARPA,EUR,ZEUR,45,167
ARPAUSD,ARPA/USD,4,ARPA,USD,ZUSD,45,490
ARTEUR,ART/EUR,3,ART,EUR,ZEUR,46,167
ARTUSD,ART/USD,3,ART,USD,ZUSD,46,490
ARUSD,AR/USD,2,AR,USD,ZUSD,41,490
ASRREUR,ASRR/EUR,4,ASRR,EUR,ZEUR,47,167
ASRRUSD,ASRR/USD,4,ASRR,USD,ZUSD,47,490
ASTEREUR,ASTER/EUR,5,ASTER,EUR,ZEUR,48,167
ASTERUSD,ASTER/USD,5,ASTER,USD,ZUSD,48,490
ASTREUR,ASTR/EUR,4,ASTR,EUR,ZEUR,49,167
ASTRUSD,ASTR/USD,4,ASTR,USD,ZUSD,49,490
ATHEUR,ATH/EUR,3,ATH,EUR,ZEUR,50,167
ATHUSD,ATH/USD,3,ATH,USD,ZUSD,50,490
ATLASEUR,ATLAS/EUR,5,ATLAS,EUR,ZEUR,51,167
ATLASUSD,ATLAS/USD,5,ATLAS,USD,ZUSD,51,490
ATOMETH,ATOM/ETH,4,ATOM,ETH,XETH,52,163
ATOMEUR,ATOM/EUR,4,ATOM,EUR,ZEUR,52,167
ATOMGBP,ATOM/GBP,4,ATOM,GBP,ZGBP,52,194
ATOMUSD,ATOM/USD,4,ATOM,USD,ZUSD,52,490
ATOMUSDC,ATOM/USDC,4,ATOM,USDC,USDC,52,492
ATOMUSDT,ATOM/USDT,4,ATOM,USDT,USDT,52,499
ATOMXBT,ATOM/XBT,4,ATOM,XBT,XXBT,52,529
AUCTIONEUR,AUCTION/EUR,7,AUCTION,EUR,ZEUR,53,167
AUCTIONUSD,AUCTION/USD,7,AUCTION,USD,ZUSD,53,490
AUDIOEUR,AUDIO/EUR,5,AUDIO,EUR,ZEUR,55,167
AUDIOUSD,AUDIO/USD,5,AUDIO,USD,ZUSD,55,490
AUDJPY,AUD/JPY,3,AUD,JPY,ZJPY,54,234
AUDUSD,AUD/USD,3,AUD,USD,ZUSD,54,490
AURAEUR,AURA/EUR,4,AURA,EUR,ZEUR,56,167
AURAUSD,AURA/USD,4,AURA,USD,ZUSD,56,490
AUSD,A/USD,1,A,USD,ZUSD,4,490
AVAAIEUR,AVAAI/EUR,5,AVAAI,EUR,ZEUR,57,167
AVAAIUSD,AVAAI/USD,5,AVAAI,USD,ZUSD,57,490
AVAXEUR,AVAX/EUR,4,AVAX,EUR,ZEUR,58,167
AVAXUSD,AVAX/USD,4,AVAX,USD,ZUSD,58,490
AVAXUSDC,AVAX/USDC,4,AVAX,USDC,USDC,58,492
AVAXUSDT,AVAX/USDT,4,AVAX,USDT,USDT,58,499
AVNTEUR,AVNT/EUR,4,AVNT,EUR,ZEUR,59,167
AVNTUSD,AVNT/USD,4,AVNT,USD,ZUSD,59,490
AXSEUR,AXS/EUR,3,AXS,EUR,ZEUR,60,167
AXSUSD,AXS/USD,3,AXS,USD,ZUSD,60,490
B2EUR,B2/EUR,2,B2,EUR,ZEUR,61,167
B2USD,B2/USD,2,B2,USD,ZUSD,61,490
B3EUR,B3/EUR,2,B3,EUR,ZEUR,62,167
B3USD,B3/USD,2,B3,USD,ZUSD,62,490
BABYEUR,BABY/EUR,4,BABY,EUR,ZEUR,63,167
BABYUSD,BABY/USD,4,BABY,USD,ZUSD,63,490
BADGEREUR,BADGER/EUR,6,BADGER,EUR,ZEUR,64,167
BADGERUSD,BADGER/USD,6,BADGER,USD,ZUSD,64,490
BALEUR,BAL/EUR,3,BAL,EUR,ZEUR,65,167
BALUSD,BAL/USD,3,BAL,USD,ZUSD,65,490
BANANAS31EUR,BANANAS31/EUR,9,BANANAS31,EUR,ZEUR,66,167
BANANAS31USD,BANANAS31/USD,9,BANANAS31,USD,ZUSD,66,490
BANDEUR,BAND/EUR,4,BAND,EUR,ZEUR,67,167
BANDUSD,BAND/USD,4,BAND,USD,ZUSD,67,490
BATEUR,BAT/EUR,3,BAT,EUR,ZEUR,68,167
BATUSD,BAT/USD,3,BAT,USD,ZUSD,68,490
BCHAUD,BCH/AUD,3,BCH,AUD,ZAUD,69,54
BCHETH,BCH/ETH,3,BCH,ETH,XETH,69,163
BCHEUR,BCH/EUR,3,BCH,EUR,ZEUR,69,167
BCHGBP,BCH/GBP,3,BCH,GBP,ZGBP,69,194
BCHJPY,BCH/JPY,3,BCH,JPY,ZJPY,69,234
BCHUSD,BCH/USD,3,BCH,USD,ZUSD,69,490
BCHUSDC,BCH/USDC,3,BCH,USDC,USDC,69,492
BCHUSDT,BCH/USDT,3,BCH,USDT,USDT,69,499
BCHXBT,BCH/XBT,3,BCH,XBT,XXBT,69,529
BDXNEUR,BDXN/EUR,4,BDXN,EUR,ZEUR,70,167
BDXNUSD,BDXN/USD,4,BDXN,USD,ZUSD,70,490
BEAMEUR,BEAM/EUR,4,BEAM,EUR,ZEUR,71,167
BEAMUSD,BEAM/USD,4,BEAM,USD,ZUSD,71,490
BERAEUR,BERA/EUR,4,BERA,EUR,ZEUR,72,167
BERAUSD,BERA/USD,4,BERA,USD,ZUSD,72,490
BERAUSDC,BERA/USDC,4,BERA,USDC,USDC,72,492
BERAUSDT,BERA/USDT,4,BERA,USDT,USDT,72,499
BERTEUR,BERT/EUR,4,BERT,EUR,ZEUR,73,167
BERTUSD,BERT/USD,4,BERT,USD,ZUSD,73,490
BICOEUR,BICO/EUR,4,BICO,EUR,ZEUR,74,167
BICOUSD,BICO/USD,4,BICO,USD,ZUSD,74,490
BIGTIMEEUR,BIGTIME/EUR,7,BIGTIME,EUR,ZEUR,75,167
BIGTIMEUSD,BIGTIME/USD,7,BIGTIME,USD,ZUSD,75,490
BILLYEUR,BILLY/EUR,5,BILLY,EUR,ZEUR,76,167
BILLYUSD,BILLY/USD,5,BILLY,USD,ZUSD,76,490
BIOEUR,BIO/EUR,3,BIO,EUR,ZEUR,77,167
BIOUSD,BIO/USD,3,BIO,USD,ZUSD,77,490
BITEUR,BIT/EUR,3,BIT,EUR,ZEUR,78,167
BITUSD,BIT/USD,3,BIT,USD,ZUSD,78,490
BLESSUSD,BLESS/USD,5,BLESS,USD,ZUSD,79,490
BLUAIEUR,BLUAI/EUR,5,BLUAI,EUR,ZEUR,80,167
BLUAIUSD,BLUAI/USD,5,BLUAI,USD,ZUSD,80,490
BLUREUR,BLUR/EUR,4,BLUR,EUR,ZEUR,81,167
BLURUSD,BLUR/USD,4,BLUR,USD,ZUSD,81,490
BLZEUR,BLZ/EUR,3,BLZ,EUR,ZEUR,82,167
BLZUSD,BLZ/USD,3,BLZ,USD,ZUSD,82,490
BMTEUR,BMT/EUR,3,BMT,EUR,ZEUR,83,167
BMTUSD,BMT/USD,3,BMT,USD,ZUSD,83,490
BNBEUR,BNB/EUR,3,BNB,EUR,ZEUR,84,167
BNBUSD,BNB/USD,3,BNB,USD,ZUSD,84,490
BNBUSDC,BNB/USDC,3,BNB,USDC,USDC,84,492
BNBUSDT,BNB/USDT,3,BNB,USDT,USDT,84,499
BNCEUR,BNC/EUR,3,BNC,EUR,ZEUR,85,167
BNCUSD,BNC/USD,3,BNC,USD,ZUSD,85,490
BNTEUR,BNT/EUR,3,BNT,EUR,ZEUR,86,167
BNTUSD,BNT/USD,3,BNT,USD,ZUSD,86,490
BOBAEUR,BOBA/EUR,4,BOBA,EUR,ZEUR,87,167
BOBAUSD,BOBA/USD,4,BOBA,USD,ZUSD,87,490
BODENEUR,BODEN/EUR,5,BODEN,EUR,ZEUR,88,167
BODENUSD,BODEN/USD,5,BODEN,USD,ZUSD,88,490
BONDEUR,BOND/EUR,4,BOND,EUR,ZEUR,89,167
BONDUSD,BOND/USD,4,BOND,USD,ZUSD,89,490
BONKEUR,BONK/EUR,4,BONK,EUR,ZEUR,90,167
BONKUSD,BONK/USD,4,BONK,USD,ZUSD,90,490
BOSEUR,BOS/EUR,3,BOS,EUR,ZEUR,91,167
BOSUSD,BOS/USD,3,BOS,USD,ZUSD,91,490
BRICKEUR,BRICK/EUR,5,BRICK,EUR,ZEUR,92,167
BRICKUSD,BRICK/USD,5,BRICK,USD,ZUSD,92,490
BSXEUR,BSX/EUR,3,BSX,EUR,ZEUR,93,167
BSXUSD,BSX/USD,3,BSX,USD,ZUSD,93,490
BTREUR,BTR/EUR,3,BTR,EUR,ZEUR,94,167
BTRUSD,BTR/USD,3,BTR,USD,ZUSD,94,490
BTTEUR,BTT/EUR,3,BTT,EUR,ZEUR,95,167
BTTUSD,BTT/USD,3,BTT,USD,ZUSD,95,490
C98EUR,C98/EUR,3,C98,EUR,ZEUR,96,167
C98USD,C98/USD,3,C98,USD,ZUSD,96,490
CAKEEUR,CAKE/EUR,4,CAKE,EUR,ZEUR,98,167
CAKEUSD,CAKE/USD,4,CAKE,USD,ZUSD,98,490
CAMPEUR,CAMP/EUR,4,CAMP,EUR,ZEUR,99,167
CAMPUSD,CAMP/USD,4,CAMP,USD,ZUSD,99,490
CARVEUR,CARV/EUR,4,CARV,EUR,ZEUR,100,167
CARVUSD,CARV/USD,4,CARV,USD,ZUSD,100,490
CATEUR,CAT/EUR,3,CAT,EUR,ZEUR,101,167
CATUSD,CAT/USD,3,CAT,USD,ZUSD,101,490
CCDEUR,CCD/EUR,3,CCD,EUR,ZEUR,102,167
CCDUSD,CCD/USD,3,CCD,USD,ZUSD,102,490
CELOEUR,CELO/EUR,4,CELO,EUR,ZEUR,103,167
CELOUSD,CELO/USD,4,CELO,USD,ZUSD,103,490
CELREUR,CELR/EUR,4,CELR,EUR,ZEUR,104,167
CELRUSD,CELR/USD,4,CELR,USD,ZUSD,104,490
CFGEUR,CFG/EUR,3,CFG,EUR,ZEUR,105,167
CFGUSD,CFG/USD,3,CFG,USD,ZUSD,105,490
CGNEUR,CGN/EUR,3,CGN,EUR,ZEUR,106,167
CGNUSD,CGN/USD,3,CGN,USD,ZUSD,106,490
CHEEMSEUR,CHEEMS/EUR,6,CHEEMS,EUR,ZEUR,107,167
CHEEMSUSD,CHEEMS/USD,6,CHEEMS,USD,ZUSD,107,490
CHEXEUR,CHEX/EUR,4,CHEX,EUR,ZEUR,108,167
CHEXUSD,CHEX/USD,4,CHEX,USD,ZUSD,108,490
CHILLHOUSEEUR,CHILLHOUSE/EUR,10,CHILLHOUSE,EUR,ZEUR,110,167
CHILLHOUSEUSD,CHILLHOUSE/USD,10,CHILLHOUSE,USD,ZUSD,110,490
CHREUR,CHR/EUR,3,CHR,EUR,ZEUR,111,167
CHRUSD,CHR/USD,3,CHR,USD,ZUSD,111,490
CHZEUR,CHZ/EUR,3,CHZ,EUR,ZEUR,112,167
CHZUSD,CHZ/USD,3,CHZ,USD,ZUSD,112,490
CLANKEREUR,CLANKER/EUR,7,CLANKER,EUR,ZEUR,113,167
CLANKERUSD,CLANKER/USD,7,CLANKER,USD,ZUSD,113,490
CLOUDEUR,CLOUD/EUR,5,CLOUD,EUR,ZEUR,114,167
CLOUDUSD,CLOUD/USD,5,CLOUD,USD,ZUSD,114,490
CLVEUR,CLV/EUR,3,CLV,EUR,ZEUR,115,167
CLVUSD,CLV/USD,3,CLV,USD,ZUSD,115,490
CMETHETH,CMETH/ETH,5,CMETH,ETH,XETH,116,163
CMETHUSD,CMETH/USD,5,CMETH,USD,ZUSD,116,490
COMPEUR,COMP/EUR,4,COMP,EUR,ZEUR,117,167
COMPUSD,COMP/USD,4,COMP,USD,ZUSD,117,490
COMPXBT,COMP/XBT,4,COMP,XBT,XXBT,117,529
COOKIEEUR,COOKIE/EUR,6,COOKIE,EUR,ZEUR,118,167
COOKIEUSD,COOKIE/USD,6,COOKIE,USD,ZUSD,118,490
COQEUR,COQ/EUR,3,COQ,EUR,ZEUR,119,167
COQUSD,COQ/USD,3,COQ,USD,ZUSD,119,490
CORNEUR,CORN/EUR,4,CORN,EUR,ZEUR,120,167
CORNUSD,CORN/USD,4,CORN,USD,ZUSD,120,490
COTIEUR,COTI/EUR,4,COTI,EUR,ZEUR,121,167
COTIUSD,COTI/USD,4,COTI,USD,ZUSD,121,490
COWEUR,COW/EUR,3,COW,EUR,ZEUR,122,167
COWUSD,COW/USD,3,COW,USD,ZUSD,122,490
CPOOLEUR,CPOOL/EUR,5,CPOOL,EUR,ZEUR,123,167
CPOOLUSD,CPOOL/USD,5,CPOOL,USD,ZUSD,123,490
CQTEUR,CQT/EUR,3,CQT,EUR,ZEUR,124,167
CQTUSD,CQT/USD,3,CQT,USD,ZUSD,124,490
CROEUR,CRO/EUR,3,CRO,EUR,ZEUR,125,167
CROUSD,CRO/USD,3,CRO,USD,ZUSD,125,490
CROUSDC,CRO/USDC,3,CRO,USDC,USDC,125,492
CROUSDT,CRO/USDT,3,CRO,USDT,USDT,125,499
CRVEUR,CRV/EUR,3,CRV,EUR,ZEUR,126,167
CRVUSD,CRV/USD,3,CRV,USD,ZUSD,126,490
CSMEUR,CSM/EUR,3,CSM,EUR,ZEUR,127,167
CSMUSD,CSM/USD,3,CSM,USD,ZUSD,127,490
CTCEUR,CTC/EUR,3,CTC,EUR,ZEUR,128,167
CTCUSD,CTC/USD,3,CTC,USD,ZUSD,128,490
CTSIEUR,CTSI/EUR,4,CTSI,EUR,ZEUR,129,167
CTSIUSD,CTSI/USD,4,CTSI,USD,ZUSD,129,490
CVCEUR,CVC/EUR,3,CVC,EUR,ZEUR,130,167
CVCUSD,CVC/USD,3,CVC,USD,ZUSD,130,490
CVXEUR,CVX/EUR,3,CVX,EUR,ZEUR,131,167
CVXUSD,CVX/USD,3,CVX,USD,ZUSD,131,490
CXTEUR,CXT/EUR,3,CXT,EUR,ZEUR,132,167
CXTUSD,CXT/USD,3,CXT,USD,ZUSD,132,490
CYBEREUR,CYBER/EUR,5,CYBER,EUR,ZEUR,133,167
CYBERUSD,CYBER/USD,5,CYBER,USD,ZUSD,133,490
DAIEUR,DAI/EUR,3,DAI,EUR,ZEUR,134,167
DAIUSD,DAI/USD,3,DAI,USD,ZUSD,134,490
DAIUSDT,DAI/USDT,3,DAI,USDT,USDT,134,499
DASHEUR,DASH/EUR,4,DASH,EUR,ZEUR,135,167
DASHUSD,DASH/USD,4,DASH,USD,ZUSD,135,490
DBREUR,DBR/EUR,3,DBR,EUR,ZEUR,136,167
DBRUSD,DBR/USD,3,DBR,USD,ZUSD,136,490
DEEPEUR,DEEP/EUR,4,DEEP,EUR,ZEUR,137,167
DEEPUSD,DEEP/USD,4,DEEP,USD,ZUSD,137,490
DEGENEUR,DEGEN/EUR,5,DEGEN,EUR,ZEUR,138,167
DEGENUSD,DEGEN/USD,5,DEGEN,USD,ZUSD,138,490
DENTEUR,DENT/EUR,4,DENT,EUR,ZEUR,139,167
DENTUSD,DENT/USD,4,DENT,USD,ZUSD,139,490
DMCEUR,DMC/EUR,3,DMC,EUR,ZEUR,140,167
DMCUSD,DMC/USD,3,DMC,USD,ZUSD,140,490
DOGEUR,DOG/EUR,3,DOG,EUR,ZEUR,141,167
DOGSEUR,DOGS/EUR,4,DOGS,EUR,ZEUR,142,167
DOGSUSD,DOGS/USD,4,DOGS,USD,ZUSD,142,490
DOGUSD,DOG/USD,3,DOG,USD,ZUSD,141,490
DOLOEUR,DOLO/EUR,4,DOLO,EUR,ZEUR,143,167
DOLOUSD,DOLO/USD,4,DOLO,USD,ZUSD,143,490
DOTETH,DOT/ETH,3,DOT,ETH,XETH,144,163
DOTEUR,DOT/EUR,3,DOT,EUR,ZEUR,144,167
DOTGBP,DOT/GBP,3,DOT,GBP,ZGBP,144,194
DOTJPY,DOT/JPY,3,DOT,JPY,ZJPY,144,234
DOTUSD,DOT/USD,3,DOT,USD,ZUSD,144,490
DOTUSDC,DOT/USDC,3,DOT,USDC,USDC,144,492
DOTUSDT,DOT/USDT,3,DOT,USDT,USDT,144,499
DOTXBT,DOT/XBT,3,DOT,XBT,XXBT,144,529
DRIFTEUR,DRIFT/EUR,5,DRIFT,EUR,ZEUR,145,167
DRIFTUSD,DRIFT/USD,5,DRIFT,USD,ZUSD,145,490
DRVEUR,DRV/EUR,3,DRV,EUR,ZEUR,146,167
DRVUSD,DRV/USD,3,DRV,USD,ZUSD,146,490
DUCKEUR,DUCK/EUR,4,DUCK,EUR,ZEUR,147,167
DUCKUSD,DUCK/USD,4,DUCK,USD,ZUSD,147,490
DYDXEUR,DYDX/EUR,4,DYDX,EUR,ZEUR,148,167
DYDXUSD,DYDX/USD,4,DYDX,USD,ZUSD,148,490
DYMEUR,DYM/EUR,3,DYM,EUR,ZEUR,149,167
DYMUSD,DYM/USD,3,DYM,USD,ZUSD,149,490
EATEUR,EAT/EUR,3,EAT,EUR,ZEUR,150,167
EATUSD,EAT/USD,3,EAT,USD,ZUSD,150,490
EDGEEUR,EDGE/EUR,4,EDGE,EUR,ZEUR,151,167
EDGEUSD,EDGE/USD,4,EDGE,USD,ZUSD,151,490
EGLDEUR,EGLD/EUR,4,EGLD,EUR,ZEUR,152,167
EGLDUSD,EGLD/USD,4,EGLD,USD,ZUSD,152,490
EIGENEUR,EIGEN/EUR,5,EIGEN,EUR,ZEUR,153,167
EIGENUSD,EIGEN/USD,5,EIGEN,USD,ZUSD,153,490
ELXEUR,ELX/EUR,3,ELX,EUR,ZEUR,154,167
ELXUSD,ELX/USD,3,ELX,USD,ZUSD,154,490
ENAEUR,ENA/EUR,3,ENA,EUR,ZEUR,155,167
ENAUSD,ENA/USD,3,ENA,USD,ZUSD,155,490
ENJEUR,ENJ/EUR,3,ENJ,EUR,ZEUR,156,167
ENJUSD,ENJ/USD,3,ENJ,USD,ZUSD,156,490
ENSEUR,ENS/EUR,3,ENS,EUR,ZEUR,157,167
ENSOEUR,ENSO/EUR,4,ENSO,EUR,ZEUR,158,167
ENSOUSD,ENSO/USD,4,ENSO,USD,ZUSD,158,490
ENSUSD,ENS/USD,3,ENS,USD,ZUSD,157,490
EPTEUR,EPT/EUR,3,EPT,EUR,ZEUR,159,167
EPTUSD,EPT/USD,3,EPT,USD,ZUSD,159,490
ESEUR,ES/EUR,2,ES,EUR,ZEUR,160,167
ESUSD,ES/USD,2,ES,USD,ZUSD,160,490
ESXEUR,ESX/EUR,3,ESX,EUR,ZEUR,161,167
ESXUSD,ESX/USD,3,ESX,USD,ZUSD,161,490
ETHAUD,ETH/AUD,3,ETH,AUD,ZAUD,163,54
ETHCHF,ETH/CHF,3,ETH,CHF,CHF,163,109
ETHDAI,ETH/DAI,3,ETH,DAI,DAI,163,134
ETHEURC,ETH/EURC,3,ETH,EURC,EURC,163,168
ETHEUROP,ETH/EUROP,3,ETH,EUROP,EUROP,163,169
ETHFIEUR,ETHFI/EUR,5,ETHFI,EUR,ZEUR,164,167
ETHFIUSD,ETHFI/USD,5,ETHFI,USD,ZUSD,164,490
ETHPYUSD,ETH/PYUSD,3,ETH,PYUSD,PYUSD,163,374
ETHUSD1,ETH/USD1,3,ETH,USD1,USD1,163,491
ETHUSDC,ETH/USDC,3,ETH,USDC,USDC,163,492
ETHUSDT,ETH/USDT,3,ETH,USDT,USDT,163,499
ETHWETH,ETHW/ETH,4,ETHW,ETH,XETH,165,163
ETHWEUR,ETHW/EUR,4,ETHW,EUR,ZEUR,165,167
ETHWUSD,ETHW/USD,4,ETHW,USD,ZUSD,165,490
EULEUR,EUL/EUR,3,EUL,EUR,ZEUR,166,167
EULUSD,EUL/USD,3,EUL,USD,ZUSD,166,490
EURAUD,EUR/AUD,3,EUR,AUD,ZAUD,167,54
EURCAD,EUR/CAD,3,EUR,CAD,ZCAD,167,97
EURCEUR,EURC/EUR,4,EURC,EUR,ZEUR,168,167
EURCHF,EUR/CHF,3,EUR,CHF,CHF,167,109
EURCUSD,EURC/USD,4,EURC,USD,ZUSD,168,490
EURCUSDC,EURC/USDC,4,EURC,USDC,USDC,168,492
EURGBP,EUR/GBP,3,EUR,GBP,ZGBP,167,194
EURJPY,EUR/JPY,3,EUR,JPY,ZJPY,167,234
EUROPEUR,EUROP/EUR,5,EUROP,EUR,ZEUR,169,167
EUROPUSD,EUROP/USD,5,EUROP,USD,ZUSD,169,490
EUROPUSDC,EUROP/USDC,5,EUROP,USDC,USDC,169,492
EURQEUR,EURQ/EUR,4,EURQ,EUR,ZEUR,170,167
EURQUSD,EURQ/USD,4,EURQ,USD,ZUSD,170,490
EURREUR,EURR/EUR,4,EURR,EUR,ZEUR,171,167
EURRUSD,EURR/USD,4,EURR,USD,ZUSD,171,490
EURRUSDC,EURR/USDC,4,EURR,USDC,USDC,171,492
EURRUSDT,EURR/USDT,4,EURR,USDT,USDT,171,499
EWTEUR,EWT/EUR,3,EWT,EUR,ZEUR,172,167
EWTUSD,EWT/USD,3,EWT,USD,ZUSD,172,490
FARMEUR,FARM/EUR,4,FARM,EUR,ZEUR,173,167
FARMUSD,FARM/USD,4,FARM,USD,ZUSD,173,490
FARTCOINEUR,FARTCOIN/EUR,8,FARTCOIN,EUR,ZEUR,174,167
FARTCOINUSD,FARTCOIN/USD,8,FARTCOIN,USD,ZUSD,174,490
FARTCOINUSDC,FARTCOIN/USDC,8,FARTCOIN,USDC,USDC,174,492
FARTCOINUSDT,FARTCOIN/USDT,8,FARTCOIN,USDT,USDT,174,499
FETEUR,FET/EUR,3,FET,EUR,ZEUR,175,167
FETUSD,FET/USD,3,FET,USD,ZUSD,175,490
FFEUR,FF/EUR,2,FF,EUR,ZEUR,176,167
FFUSD,FF/USD,2,FF,USD,ZUSD,176,490
FHEEUR,FHE/EUR,3,FHE,EUR,ZEUR,177,167
FHEUSD,FHE/USD,3,FHE,USD,ZUSD,177,490
FIDAEUR,FIDA/EUR,4,FIDA,EUR,ZEUR,178,167
FIDAUSD,FIDA/USD,4,FIDA,USD,ZUSD,178,490
FILETH,FIL/ETH,3,FIL,ETH,XETH,179,163
FILEUR,FIL/EUR,3,FIL,EUR,ZEUR,179,167
FILGBP,FIL/GBP,3,FIL,GBP,ZGBP,179,194
FILUSD,FIL/USD,3,FIL,USD,ZUSD,179,490
FILXBT,FIL/XBT,3,FIL,XBT,XXBT,179,529
FISEUR,FIS/EUR,3,FIS,EUR,ZEUR,180,167
FISUSD,FIS/USD,3,FIS,USD,ZUSD,180,490
FLOKIEUR,FLOKI/EUR,5,FLOKI,EUR,ZEUR,181,167
FLOKIUSD,FLOKI/USD,5,FLOKI,USD,ZUSD,181,490
FLOWEUR,FLOW/EUR,4,FLOW,EUR,ZEUR,182,167
FLOWUSD,FLOW/USD,4,FLOW,USD,ZUSD,182,490
FLREUR,FLR/EUR,3,FLR,EUR,ZEUR,183,167
FLRUSD,FLR/USD,3,FLR,USD,ZUSD,183,490
FLUXEUR,FLUX/EUR,4,FLUX,EUR,ZEUR,184,167
FLUXUSD,FLUX/USD,4,FLUX,USD,ZUSD,184,490
FLYEUR,FLY/EUR,3,FLY,EUR,ZEUR,185,167
FLYUSD,FLY/USD,3,FLY,USD,ZUSD,185,490
FORTHEUR,FORTH/EUR,5,FORTH,EUR,ZEUR,186,167
FORTHUSD,FORTH/USD,5,FORTH,USD,ZUSD,186,490
FWOGEUR,FWOG/EUR,4,FWOG,EUR,ZEUR,187,167
FWOGUSD,FWOG/USD,4,FWOG,USD,ZUSD,187,490
FXSEUR,FXS/EUR,3,FXS,EUR,ZEUR,188,167
FXSUSD,FXS/USD,3,FXS,USD,ZUSD,188,490
GAIAEUR,GAIA/EUR,4,GAIA,EUR,ZEUR,190,167
GAIAUSD,GAIA/USD,4,GAIA,USD,ZUSD,190,490
GALAEUR,GALA/EUR,4,GALA,EUR,ZEUR,192,167
GALAUSD,GALA/USD,4,GALA,USD,ZUSD,192,490
GALEUR,GAL/EUR,3,GAL,EUR,ZEUR,191,167
GALUSD,GAL/USD,3,GAL,USD,ZUSD,191,490
GARIEUR,GARI/EUR,4,GARI,EUR,ZEUR,193,167
GARIUSD,GARI/USD,4,GARI,USD,ZUSD,193,490
GEUR,G/EUR,1,G,EUR,ZEUR,189,167
GFIEUR,GFI/EUR,3,GFI,EUR,ZEUR,195,167
GFIUSD,GFI/USD,3,GFI,USD,ZUSD,195,490
GHIBLIEUR,GHIBLI/EUR,6,GHIBLI,EUR,ZEUR,196,167
GHIBLIUSD,GHIBLI/USD,6,GHIBLI,USD,ZUSD,196,490
GHSTEUR,GHST/EUR,4,GHST,EUR,ZEUR,197,167
GHSTUSD,GHST/USD,4,GHST,USD,ZUSD,197,490
GIGAEUR,GIGA/EUR,4,GIGA,EUR,ZEUR,198,167
GIGAUSD,GIGA/USD,4,GIGA,USD,ZUSD,198,490
GLMREUR,GLMR/EUR,4,GLMR,EUR,ZEUR,199,167
GLMRUSD,GLMR/USD,4,GLMR,USD,ZUSD,199,490
GMTEUR,GMT/EUR,3,GMT,EUR,ZEUR,200,167
GMTUSD,GMT/USD,3,GMT,USD,ZUSD,200,490
GMXEUR,GMX/EUR,3,GMX,EUR,ZEUR,201,167
GMXUSD,GMX/USD,3,GMX,USD,ZUSD,201,490
GNOEUR,GNO/EUR,3,GNO,EUR,ZEUR,202,167
GNOUSD,GNO/USD,3,GNO,USD,ZUSD,202,490
GOATEUR,GOAT/EUR,4,GOAT,EUR,ZEUR,203,167
GOATUSD,GOAT/USD,4,GOAT,USD,ZUSD,203,490
GOMININGEUR,GOMINING/EUR,8,GOMINING,EUR,ZEUR,204,167
GOMININGUSD,GOMINING/USD,8,GOMINING,USD,ZUSD,204,490
GRASSEUR,GRASS/EUR,5,GRASS,EUR,ZEUR,205,167
GRASSUSD,GRASS/USD,5,GRASS,USD,ZUSD,205,490
GRIFFAINEUR,GRIFFAIN/EUR,8,GRIFFAIN,EUR,ZEUR,206,167
GRIFFAINUSD,GRIFFAIN/USD,8,GRIFFAIN,USD,ZUSD,206,490
GRTEUR,GRT/EUR,3,GRT,EUR,ZEUR,207,167
GRTGBP,GRT/GBP,3,GRT,GBP,ZGBP,207,194
GRTUSD,GRT/USD,3,GRT,USD,ZUSD,207,490
GRTXBT,GRT/XBT,3,GRT,XBT,XXBT,207,529
GSTEUR,GST/EUR,3,GST,EUR,ZEUR,208,167
GSTUSD,GST/USD,3,GST,USD,ZUSD,208,490
GTCEUR,GTC/EUR,3,GTC,EUR,ZEUR,209,167
GTCUSD,GTC/USD,3,GTC,USD,ZUSD,209,490
GUNEUR,GUN/EUR,3,GUN,EUR,ZEUR,210,167
GUNUSD,GUN/USD,3,GUN,USD,ZUSD,210,490
GUSD,G/USD,1,G,USD,ZUSD,189,490
HBAREUR,HBAR/EUR,4,HBAR,EUR,ZEUR,212,167
HBARUSD,HBAR/USD,4,HBAR,USD,ZUSD,212,490
HDXEUR,HDX/EUR,3,HDX,EUR,ZEUR,213,167
HDXUSD,HDX/USD,3,HDX,USD,ZUSD,213,490
HEUR,H/EUR,1,H,EUR,ZEUR,211,167
HFTEUR,HFT/EUR,3,HFT,EUR,ZEUR,214,167
HFTUSD,HFT/USD,3,HFT,USD,ZUSD,214,490
HIPPOEUR,HIPPO/EUR,5,HIPPO,EUR,ZEUR,215,167
HIPPOUSD,HIPPO/USD,5,HIPPO,USD,ZUSD,215,490
HMSTREUR,HMSTR/EUR,5,HMSTR,EUR,ZEUR,216,167
HMSTRUSD,HMSTR/USD,5,HMSTR,USD,ZUSD,216,490
HNTEUR,HNT/EUR,3,HNT,EUR,ZEUR,217,167
HNTUSD,HNT/USD,3,HNT,USD,ZUSD,217,490
HONEYEUR,HONEY/EUR,5,HONEY,EUR,ZEUR,218,167
HONEYUSD,HONEY/USD,5,HONEY,USD,ZUSD,218,490
HOUSEEUR,HOUSE/EUR,5,HOUSE,EUR,ZEUR,219,167
HOUSEUSD,HOUSE/USD,5,HOUSE,USD,ZUSD,219,490
HPOS10IEUR,HPOS10I/EUR,7,HPOS10I,EUR,ZEUR,220,167
HPOS10IUSD,HPOS10I/USD,7,HPOS10I,USD,ZUSD,220,490
HUSD,H/USD,1,H,USD,ZUSD,211,490
ICNTEUR,ICNT/EUR,4,ICNT,EUR,ZEUR,221,167
ICNTUSD,ICNT/USD,4,ICNT,USD,ZUSD,221,490
ICPEUR,ICP/EUR,3,ICP,EUR,ZEUR,222,167
ICPUSD,ICP/USD,3,ICP,USD,ZUSD,222,490
ICXEUR,ICX/EUR,3,ICX,EUR,ZEUR,223,167
ICXUSD,ICX/USD,3,ICX,USD,ZUSD,223,490
IDEXEUR,IDEX/EUR,4,IDEX,EUR,ZEUR,224,167
IDEXUSD,IDEX/USD,4,IDEX,USD,ZUSD,224,490
IMXEUR,IMX/EUR,3,IMX,EUR,ZEUR,225,167
IMXUSD,IMX/USD,3,IMX,USD,ZUSD,225,490
INITEUR,INIT/EUR,4,INIT,EUR,ZEUR,226,167
INITUSD,INIT/USD,4,INIT,USD,ZUSD,226,490
INJEUR,INJ/EUR,3,INJ,EUR,ZEUR,227,167
INJUSD,INJ/USD,3,INJ,USD,ZUSD,227,490
INTREUR,INTR/EUR,4,INTR,EUR,ZEUR,228,167
INTRUSD,INTR/USD,4,INTR,USD,ZUSD,228,490
IPEUR,IP/EUR,2,IP,EUR,ZEUR,229,167
IPUSD,IP/USD,2,IP,USD,ZUSD,229,490
JAILSTOOLEUR,JAILSTOOL/EUR,9,JAILSTOOL,EUR,ZEUR,230,167
JAILSTOOLUSD,JAILSTOOL/USD,9,JAILSTOOL,USD,ZUSD,230,490
JASMYEUR,JASMY/EUR,5,JASMY,EUR,ZEUR,231,167
JASMYUSD,JASMY/USD,5,JASMY,USD,ZUSD,231,490
JITOSOLEUR,JITOSOL/EUR,7,JITOSOL,EUR,ZEUR,232,167
JITOSOLSOL,JITOSOL/SOL,7,JITOSOL,SOL,SOL,232,427
JITOSOLUSD,JITOSOL/USD,7,JITOSOL,USD,ZUSD,232,490
JOEEUR,JOE/EUR,3,JOE,EUR,ZEUR,233,167
JOEUSD,JOE/USD,3,JOE,USD,ZUSD,233,490
JSTEUR,JST/EUR,3,JST,EUR,ZEUR,235,167
JSTUSD,JST/USD,3,JST,USD,ZUSD,235,490
JTOEUR,JTO/EUR,3,JTO,EUR,ZEUR,236,167
JTOUSD,JTO/USD,3,JTO,USD,ZUSD,236,490
JUNOEUR,JUNO/EUR,4,JUNO,EUR,ZEUR,237,167
JUNOUSD,JUNO/USD,4,JUNO,USD,ZUSD,237,490
JUPEUR,JUP/EUR,3,JUP,EUR,ZEUR,238,167
JUPUSD,JUP/USD,3,JUP,USD,ZUSD,238,490
KAITOEUR,KAITO/EUR,5,KAITO,EUR,ZEUR,239,167
KAITOUSD,KAITO/USD,5,KAITO,USD,ZUSD,239,490
KAREUR,KAR/EUR,3,KAR,EUR,ZEUR,240,167
KARUSD,KAR/USD,3,KAR,USD,ZUSD,240,490
KASEUR,KAS/EUR,3,KAS,EUR,ZEUR,241,167
KASUSD,KAS/USD,3,KAS,USD,ZUSD,241,490
KASUSDT,KAS/USDT,3,KAS,USDT,USDT,241,499
KAVAEUR,KAVA/EUR,4,KAVA,EUR,ZEUR,242,167
KAVAUSD,KAVA/USD,4,KAVA,USD,ZUSD,242,490
KEEPEUR,KEEP/EUR,4,KEEP,EUR,ZEUR,243,167
KEEPUSD,KEEP/USD,4,KEEP,USD,ZUSD,243,490
KERNELEUR,KERNEL/EUR,6,KERNEL,EUR,ZEUR,244,167
KERNELUSD,KERNEL/USD,6,KERNEL,USD,ZUSD,244,490
KETEUR,KET/EUR,3,KET,EUR,ZEUR,245,167
KETUSD,KET/USD,3,KET,USD,ZUSD,245,490
KEYEUR,KEY/EUR,3,KEY,EUR,ZEUR,246,167
KEYUSD,KEY/USD,3,KEY,USD,ZUSD,246,490
KGENEUR,KGEN/EUR,4,KGEN,EUR,ZEUR,247,167
KGENUSD,KGEN/USD,4,KGEN,USD,ZUSD,247,490
KINEUR,KIN/EUR,3,KIN,EUR,ZEUR,248,167
KINTEUR,KINT/EUR,4,KINT,EUR,ZEUR,249,167
KINTUSD,KINT/USD,4,KINT,USD,ZUSD,249,490
KINUSD,KIN/USD,3,KIN,USD,ZUSD,248,490
KMNOEUR,KMNO/EUR,4,KMNO,EUR,ZEUR,250,167
KMNOUSD,KMNO/USD,4,KMNO,USD,ZUSD,250,490
KNCEUR,KNC/EUR,3,KNC,EUR,ZEUR,251,167
KNCUSD,KNC/USD,3,KNC,USD,ZUSD,251,490
KOBANEUR,KOBAN/EUR,5,KOBAN,EUR,ZEUR,252,167
KOBANUSD,KOBAN/USD,5,KOBAN,USD,ZUSD,252,490
KP3REUR,KP3R/EUR,4,KP3R,EUR,ZEUR,253,167
KP3RUSD,KP3R/USD,4,KP3R,USD,ZUSD,253,490
KSMEUR,KSM/EUR,3,KSM,EUR,ZEUR,254,167
KSMGBP,KSM/GBP,3,KSM,GBP,ZGBP,254,194
KSMUSD,KSM/USD,3,KSM,USD,ZUSD,254,490
KTAEUR,KTA/EUR,3,KTA,EUR,ZEUR,255,167
KTAUSD,KTA/USD,3,KTA,USD,ZUSD,255,490
L3EUR,L3/EUR,2,L3,EUR,ZEUR,256,167
L3USD,L3/USD,2,L3,USD,ZUSD,256,490
LAYEREUR,LAYER/EUR,5,LAYER,EUR,ZEUR,257,167
LAYERUSD,LAYER/USD,5,LAYER,USD,ZUSD,257,490
LCAPEUR,LCAP/EUR,4,LCAP,EUR,ZEUR,258,167
LCAPUSD,LCAP/USD,4,LCAP,USD,ZUSD,258,490
LCXEUR,LCX/EUR,3,LCX,EUR,ZEUR,259,167
LCXUSD,LCX/USD,3,LCX,USD,ZUSD,259,490
LDOEUR,LDO/EUR,3,LDO,EUR,ZEUR,260,167
LDOUSD,LDO/USD,3,LDO,USD,ZUSD,260,490
LINEAEUR,LINEA/EUR,5,LINEA,EUR,ZEUR,261,167
LINEAUSD,LINEA/USD,5,LINEA,USD,ZUSD,261,490
LINKAUD,LINK/AUD,4,LINK,AUD,ZAUD,262,54
LINKETH,LINK/ETH,4,LINK,ETH,XETH,262,163
LINKEUR,LINK/EUR,4,LINK,EUR,ZEUR,262,167
LINKGBP,LINK/GBP,4,LINK,GBP,ZGBP,262,194
LINKJPY,LINK/JPY,4,LINK,JPY,ZJPY,262,234
LINKUSD,LINK/USD,4,LINK,USD,ZUSD,262,490
LINKUSDC,LINK/USDC,4,LINK,USDC,USDC,262,492
LINKUSDT,LINK/USDT,4,LINK,USDT,USDT,262,499
LINKXBT,LINK/XBT,4,LINK,XBT,XXBT,262,529
LIONEUR,LION/EUR,4,LION,EUR,ZEUR,263,167
LIONUSD,LION/USD,4,LION,USD,ZUSD,263,490
LITEUR,LIT/EUR,3,LIT,EUR,ZEUR,264,167
LITUSD,LIT/USD,3,LIT,USD,ZUSD,264,490
LMWREUR,LMWR/EUR,4,LMWR,EUR,ZEUR,265,167
LMWRUSD,LMWR/USD,4,LMWR,USD,ZUSD,265,490
LOBOEUR,LOBO/EUR,4,LOBO,EUR,ZEUR,266,167
LOBOUSD,LOBO/USD,4,LOBO,USD,ZUSD,266,490
LOCKINEUR,LOCKIN/EUR,6,LOCKIN,EUR,ZEUR,267,167
LOCKINUSD,LOCKIN/USD,6,LOCKIN,USD,ZUSD,267,490
LOFIEUR,LOFI/EUR,4,LOFI,EUR,ZEUR,268,167
LOFIUSD,LOFI/USD,4,LOFI,USD,ZUSD,268,490
LPTEUR,LPT/EUR,3,LPT,EUR,ZEUR,269,167
LPTUSD,LPT/USD,3,LPT,USD,ZUSD,269,490
LQTYEUR,LQTY/EUR,4,LQTY,EUR,ZEUR,270,167
LQTYUSD,LQTY/USD,4,LQTY,USD,ZUSD,270,490
LRCEUR,LRC/EUR,3,LRC,EUR,ZEUR,271,167
LRCUSD,LRC/USD,3,LRC,USD,ZUSD,271,490
LSETHETH,LSETH/ETH,5,LSETH,ETH,XETH,272,163
LSETHEUR,LSETH/EUR,5,LSETH,EUR,ZEUR,272,167
LSETHUSD,LSETH/USD,5,LSETH,USD,ZUSD,272,490
LSKEUR,LSK/EUR,3,LSK,EUR,ZEUR,273,167
LSKUSD,LSK/USD,3,LSK,USD,ZUSD,273,490
LSSOLEUR,LSSOL/EUR,5,LSSOL,EUR,ZEUR,274,167
LSSOLSOL,LSSOL/SOL,5,LSSOL,SOL,SOL,274,427
LSSOLUSD,LSSOL/USD,5,LSSOL,USD,ZUSD,274,490
LTCAUD,LTC/AUD,3,LTC,AUD,ZAUD,275,54
LTCETH,LTC/ETH,3,LTC,ETH,XETH,275,163
LTCGBP,LTC/GBP,3,LTC,GBP,ZGBP,275,194
LTCUSDC,LTC/USDC,3,LTC,USDC,USDC,275,492
LTCUSDT,LTC/USDT,3,LTC,USDT,USDT,275,499
LUNA2EUR,LUNA2/EUR,5,LUNA2,EUR,ZEUR,277,167
LUNA2USD,LUNA2/USD,5,LUNA2,USD,ZUSD,277,490
LUNAEUR,LUNA/EUR,4,LUNA,EUR,ZEUR,276,167
LUNAUSD,LUNA/USD,4,LUNA,USD,ZUSD,276,490
MANAEUR,MANA/EUR,4,MANA,EUR,ZEUR,279,167
MANAUSD,MANA/USD,4,MANA,USD,ZUSD,279,490
MANAUSDC,MANA/USDC,4,MANA,USDC,USDC,279,492
MANAUSDT,MANA/USDT,4,MANA,USDT,USDT,279,499
MANAXBT,MANA/XBT,4,MANA,XBT,XXBT,279,529
MASKEUR,MASK/EUR,4,MASK,EUR,ZEUR,280,167
MASKUSD,MASK/USD,4,MASK,USD,ZUSD,280,490
MATEUR,MAT/EUR,3,MAT,EUR,ZEUR,281,167
MATUSD,MAT/USD,3,MAT,USD,ZUSD,281,490
MCEUR,MC/EUR,2,MC,EUR,ZEUR,282,167
MCUSD,MC/USD,2,MC,USD,ZUSD,282,490
MEEUR,ME/EUR,2,ME,EUR,ZEUR,283,167
MELANIAEUR,MELANIA/EUR,7,MELANIA,EUR,ZEUR,284,167
MELANIAUSD,MELANIA/USD,7,MELANIA,USD,ZUSD,284,490
MELANIAUSDC,MELANIA/USDC,7,MELANIA,USDC,USDC,284,492
MELANIAUSDT,MELANIA/USDT,7,MELANIA,USDT,USDT,284,499
MEMEEUR,MEME/EUR,4,MEME,EUR,ZEUR,285,167
MEMEUSD,MEME/USD,4,MEME,USD,ZUSD,285,490
MERLEUR,MERL/EUR,4,MERL,EUR,ZEUR,286,167
MERLUSD,MERL/USD,4,MERL,USD,ZUSD,286,490
METEUR,MET/EUR,3,MET,EUR,ZEUR,287,167
METHETH,METH/ETH,4,METH,ETH,XETH,288,163
METHUSD,METH/USD,4,METH,USD,ZUSD,288,490
METISEUR,METIS/EUR,5,METIS,EUR,ZEUR,289,167
METISUSD,METIS/USD,5,METIS,USD,ZUSD,289,490
METUSD,MET/USD,3,MET,USD,ZUSD,287,490
MEUR,M/EUR,1,M,EUR,ZEUR,278,167
MEUSD,ME/USD,2,ME,USD,ZUSD,283,490
MEWEUR,MEW/EUR,3,MEW,EUR,ZEUR,290,167
MEWUSD,MEW/USD,3,MEW,USD,ZUSD,290,490
MFEUR,MF/EUR,2,MF,EUR,ZEUR,291,167
MFUSD,MF/USD,2,MF,USD,ZUSD,291,490
MICHIEUR,MICHI/EUR,5,MICHI,EUR,ZEUR,292,167
MICHIUSD,MICHI/USD,5,MICHI,USD,ZUSD,292,490
MIMEUR,MIM/EUR,3,MIM,EUR,ZEUR,293,167
MIMUSD,MIM/USD,3,MIM,USD,ZUSD,293,490
MINAEUR,MINA/EUR,4,MINA,EUR,ZEUR,294,167
MINAGBP,MINA/GBP,4,MINA,GBP,ZGBP,294,194
MINAUSD,MINA/USD,4,MINA,USD,ZUSD,294,490
MINAXBT,MINA/XBT,4,MINA,XBT,XXBT,294,529
MIRAEUR,MIRA/EUR,4,MIRA,EUR,ZEUR,296,167
MIRAUSD,MIRA/USD,4,MIRA,USD,ZUSD,296,490
MIREUR,MIR/EUR,3,MIR,EUR,ZEUR,295,167
MIRROREUR,MIRROR/EUR,6,MIRROR,EUR,ZEUR,297,167
MIRRORUSD,MIRROR/USD,6,MIRROR,USD,ZUSD,297,490
MIRUSD,MIR/USD,3,MIR,USD,ZUSD,295,490
MNGOEUR,MNGO/EUR,4,MNGO,EUR,ZEUR,299,167
MNGOUSD,MNGO/USD,4,MNGO,USD,ZUSD,299,490
MNTEUR,MNT/EUR,3,MNT,EUR,ZEUR,300,167
MNTUSD,MNT/USD,3,MNT,USD,ZUSD,300,490
MOCAEUR,MOCA/EUR,4,MOCA,EUR,ZEUR,301,167
MOCAUSD,MOCA/USD,4,MOCA,USD,ZUSD,301,490
MOGEUR,MOG/EUR,3,MOG,EUR,ZEUR,302,167
MOGUSD,MOG/USD,3,MOG,USD,ZUSD,302,490
MOODENGEUR,MOODENG/EUR,7,MOODENG,EUR,ZEUR,303,167
MOODENGUSD,MOODENG/USD,7,MOODENG,USD,ZUSD,303,490
MOONEUR,MOON/EUR,4,MOON,EUR,ZEUR,304,167
MOONUSD,MOON/USD,4,MOON,USD,ZUSD,304,490
MORPHOEUR,MORPHO/EUR,6,MORPHO,EUR,ZEUR,305,167
MORPHOUSD,MORPHO/USD,6,MORPHO,USD,ZUSD,305,490
MOVEEUR,MOVE/EUR,4,MOVE,EUR,ZEUR,306,167
MOVEUSD,MOVE/USD,4,MOVE,USD,ZUSD,306,490
MOVREUR,MOVR/EUR,4,MOVR,EUR,ZEUR,307,167
MOVRUSD,MOVR/USD,4,MOVR,USD,ZUSD,307,490
MSOLEUR,MSOL/EUR,4,MSOL,EUR,ZEUR,308,167
MSOLUSD,MSOL/USD,4,MSOL,USD,ZUSD,308,490
MUBARAKEUR,MUBARAK/EUR,7,MUBARAK,EUR,ZEUR,309,167
MUBARAKUSD,MUBARAK/USD,7,MUBARAK,USD,ZUSD,309,490
MULTIEUR,MULTI/EUR,5,MULTI,EUR,ZEUR,310,167
MULTIUSD,MULTI/USD,5,MULTI,USD,ZUSD,310,490
MUSD,M/USD,1,M,USD,ZUSD,278,490
MVEUR,MV/EUR,2,MV,EUR,ZEUR,311,167
MVUSD,MV/USD,2,MV,USD,ZUSD,311,490
MXCEUR,MXC/EUR,3,MXC,EUR,ZEUR,312,167
MXCUSD,MXC/USD,3,MXC,USD,ZUSD,312,490
MXNBUSD,MXNB/USD,4,MXNB,USD,ZUSD,313,490
MYXEUR,MYX/EUR,3,MYX,EUR,ZEUR,314,167
MYXUSD,MYX/USD,3,MYX,USD,ZUSD,314,490
NANOEUR,NANO/EUR,4,NANO,EUR,ZEUR,315,167
NANOUSD,NANO/USD,4,NANO,USD,ZUSD,315,490
NEAREUR,NEAR/EUR,4,NEAR,EUR,ZEUR,316,167
NEARUSD,NEAR/USD,4,NEAR,USD,ZUSD,316,490
NEIROEUR,NEIRO/EUR,5,NEIRO,EUR,ZEUR,317,167
NEIROUSD,NEIRO/USD,5,NEIRO,USD,ZUSD,317,490
NILEUR,NIL/EUR,3,NIL,EUR,ZEUR,318,167
NILUSD,NIL/USD,3,NIL,USD,ZUSD,318,490
NMREUR,NMR/EUR,3,NMR,EUR,ZEUR,319,167
NMRUSD,NMR/USD,3,NMR,USD,ZUSD,319,490
NOBODYEUR,NOBODY/EUR,6,NOBODY,EUR,ZEUR,320,167
NOBODYUSD,NOBODY/USD,6,NOBODY,USD,ZUSD,320,490
NODEEUR,NODE/EUR,4,NODE,EUR,ZEUR,321,167
NODEUSD,NODE/USD,4,NODE,USD,ZUSD,321,490
NODLEUR,NODL/EUR,4,NODL,EUR,ZEUR,322,167
NODLUSD,NODL/USD,4,NODL,USD,ZUSD,322,490
NOSEUR,NOS/EUR,3,NOS,EUR,ZEUR,323,167
NOSUSD,NOS/USD,3,NOS,USD,ZUSD,323,490
NOTEUR,NOT/EUR,3,NOT,EUR,ZEUR,324,167
NOTUSD,NOT/USD,3,NOT,USD,ZUSD,324,490
NPCEUR,NPC/EUR,3,NPC,EUR,ZEUR,325,167
NPCUSD,NPC/USD,3,NPC,USD,ZUSD,325,490
NTRNEUR,NTRN/EUR,4,NTRN,EUR,ZEUR,326,167
NTRNUSD,NTRN/USD,4,NTRN,USD,ZUSD,326,490
NYMEUR,NYM/EUR,3,NYM,EUR,ZEUR,327,167
NYMUSD,NYM/USD,3,NYM,USD,ZUSD,327,490
OCEANEUR,OCEAN/EUR,5,OCEAN,EUR,ZEUR,328,167
OCEANUSD,OCEAN/USD,5,OCEAN,USD,ZUSD,328,490
ODOSEUR,ODOS/EUR,4,ODOS,EUR,ZEUR,329,167
ODOSUSD,ODOS/USD,4,ODOS,USD,ZUSD,329,490
OGNEUR,OGN/EUR,3,OGN,EUR,ZEUR,330,167
OGNUSD,OGN/USD,3,OGN,USD,ZUSD,330,490
OMEUR,OM/EUR,2,OM,EUR,ZEUR,331,167
OMGEUR,OMG/EUR,3,OMG,EUR,ZEUR,332,167
OMGUSD,OMG/USD,3,OMG,USD,ZUSD,332,490
OMNIEUR,OMNI/EUR,4,OMNI,EUR,ZEUR,333,167
OMNIUSD,OMNI/USD,4,OMNI,USD,ZUSD,333,490
OMUSD,OM/USD,2,OM,USD,ZUSD,331,490
ONDOEUR,ONDO/EUR,4,ONDO,EUR,ZEUR,334,167
ONDOUSD,ONDO/USD,4,ONDO,USD,ZUSD,334,490
OPENEUR,OPEN/EUR,4,OPEN,EUR,ZEUR,336,167
OPENUSD,OPEN/USD,4,OPEN,USD,ZUSD,336,490
OPEUR,OP/EUR,2,OP,EUR,ZEUR,335,167
OPUSD,OP/USD,2,OP,USD,ZUSD,335,490
ORCAEUR,ORCA/EUR,4,ORCA,EUR,ZEUR,337,167
ORCAUSD,ORCA/USD,4,ORCA,USD,ZUSD,337,490
ORDEREUR,ORDER/EUR,5,ORDER,EUR,ZEUR,338,167
ORDERUSD,ORDER/USD,5,ORDER,USD,ZUSD,338,490
OSMOEUR,OSMO/EUR,4,OSMO,EUR,ZEUR,339,167
OSMOUSD,OSMO/USD,4,OSMO,USD,ZUSD,339,490
OXTEUR,OXT/EUR,3,OXT,EUR,ZEUR,340,167
OXTUSD,OXT/USD,3,OXT,USD,ZUSD,340,490
OXYEUR,OXY/EUR,3,OXY,EUR,ZEUR,341,167
OXYUSD,OXY/USD,3,OXY,USD,ZUSD,341,490
PARTIEUR,PARTI/EUR,5,PARTI,EUR,ZEUR,342,167
PARTIUSD,PARTI/USD,5,PARTI,USD,ZUSD,342,490
PAXGETH,PAXG/ETH,4,PAXG,ETH,XETH,343,163
PAXGEUR,PAXG/EUR,4,PAXG,EUR,ZEUR,343,167
PAXGUSD,PAXG/USD,4,PAXG,USD,ZUSD,343,490
PAXGXBT,PAXG/XBT,4,PAXG,XBT,XXBT,343,529
PDAEUR,PDA/EUR,3,PDA,EUR,ZEUR,344,167
PDAUSD,PDA/USD,3,PDA,USD,ZUSD,344,490
PEAQEUR,PEAQ/EUR,4,PEAQ,EUR,ZEUR,345,167
PEAQUSD,PEAQ/USD,4,PEAQ,USD,ZUSD,345,490
PEAQUSDC,PEAQ/USDC,4,PEAQ,USDC,USDC,345,492
PENDLEEUR,PENDLE/EUR,6,PENDLE,EUR,ZEUR,346,167
PENDLEUSD,PENDLE/USD,6,PENDLE,USD,ZUSD,346,490
PENGUEUR,PENGU/EUR,5,PENGU,EUR,ZEUR,347,167
PENGUUSD,PENGU/USD,5,PENGU,USD,ZUSD,347,490
PENGUUSDC,PENGU/USDC,5,PENGU,USDC,USDC,347,492
PENGUUSDT,PENGU/USDT,5,PENGU,USDT,USDT,347,499
PEPEAUD,PEPE/AUD,4,PEPE,AUD,ZAUD,348,54
PEPECAD,PEPE/CAD,4,PEPE,CAD,ZCAD,348,97
PEPEEUR,PEPE/EUR,4,PEPE,EUR,ZEUR,348,167
PEPEGBP,PEPE/GBP,4,PEPE,GBP,ZGBP,348,194
PEPEUSD,PEPE/USD,4,PEPE,USD,ZUSD,348,490
PERPEUR,PERP/EUR,4,PERP,EUR,ZEUR,349,167
PERPUSD,PERP/USD,4,PERP,USD,ZUSD,349,490
PHAEUR,PHA/EUR,3,PHA,EUR,ZEUR,350,167
PHAUSD,PHA/USD,3,PHA,USD,ZUSD,350,490
PIPEEUR,PIPE/EUR,4,PIPE,EUR,ZEUR,351,167
PIPEUSD,PIPE/USD,4,PIPE,USD,ZUSD,351,490
PLAYEUR,PLAY/EUR,4,PLAY,EUR,ZEUR,352,167
PLAYUSD,PLAY/USD,4,PLAY,USD,ZUSD,352,490
PLUMEEUR,PLUME/EUR,5,PLUME,EUR,ZEUR,353,167
PLUMEUSD,PLUME/USD,5,PLUME,USD,ZUSD,353,490
PNUTEUR,PNUT/EUR,4,PNUT,EUR,ZEUR,354,167
PNUTUSD,PNUT/USD,4,PNUT,USD,ZUSD,354,490
POLEUR,POL/EUR,3,POL,EUR,ZEUR,355,167
POLISEUR,POLIS/EUR,5,POLIS,EUR,ZEUR,356,167
POLISUSD,POLIS/USD,5,POLIS,USD,ZUSD,356,490
POLSEUR,POLS/EUR,4,POLS,EUR,ZEUR,357,167
POLSUSD,POLS/USD,4,POLS,USD,ZUSD,357,490
POLUSD,POL/USD,3,POL,USD,ZUSD,355,490
PONDEUR,POND/EUR,4,POND,EUR,ZEUR,358,167
PONDUSD,POND/USD,4,POND,USD,ZUSD,358,490
PONKEEUR,PONKE/EUR,5,PONKE,EUR,ZEUR,359,167
PONKEUSD,PONKE/USD,5,PONKE,USD,ZUSD,359,490
POPCATEUR,POPCAT/EUR,6,POPCAT,EUR,ZEUR,360,167
POPCATGBP,POPCAT/GBP,6,POPCAT,GBP,ZGBP,360,194
POPCATUSD,POPCAT/USD,6,POPCAT,USD,ZUSD,360,490
PORTALEUR,PORTAL/EUR,6,PORTAL,EUR,ZEUR,361,167
PORTALUSD,PORTAL/USD,6,PORTAL,USD,ZUSD,361,490
POWREUR,POWR/EUR,4,POWR,EUR,ZEUR,362,167
POWRUSD,POWR/USD,4,POWR,USD,ZUSD,362,490
PRCLEUR,PRCL/EUR,4,PRCL,EUR,ZEUR,363,167
PRCLUSD,PRCL/USD,4,PRCL,USD,ZUSD,363,490
PRIMEEUR,PRIME/EUR,5,PRIME,EUR,ZEUR,364,167
PRIMEUSD,PRIME/USD,5,PRIME,USD,ZUSD,364,490
PROEUR,PRO/EUR,3,PRO,EUR,ZEUR,365,167
PROMPTEUR,PROMPT/EUR,6,PROMPT,EUR,ZEUR,366,167
PROMPTUSD,PROMPT/USD,6,PROMPT,USD,ZUSD,366,490
PROUSD,PRO/USD,3,PRO,USD,ZUSD,365,490
PROVEEUR,PROVE/EUR,5,PROVE,EUR,ZEUR,367,167
PROVEUSD,PROVE/USD,5,PROVE,USD,ZUSD,367,490
PSTAKEEUR,PSTAKE/EUR,6,PSTAKE,EUR,ZEUR,368,167
PSTAKEUSD,PSTAKE/USD,6,PSTAKE,USD,ZUSD,368,490
PTBEUR,PTB/EUR,3,PTB,EUR,ZEUR,369,167
PTBUSD,PTB/USD,3,PTB,USD,ZUSD,369,490
PUFFEREUR,PUFFER/EUR,6,PUFFER,EUR,ZEUR,370,167
PUFFERUSD,PUFFER/USD,6,PUFFER,USD,ZUSD,370,490
PUMPEUR,PUMP/EUR,4,PUMP,EUR,ZEUR,371,167
PUMPSOL,PUMP/SOL,4,PUMP,SOL,SOL,371,427
PUMPUSD,PUMP/USD,4,PUMP,USD,ZUSD,371,490
PUPSEUR,PUPS/EUR,4,PUPS,EUR,ZEUR,372,167
PUPSUSD,PUPS/USD,4,PUPS,USD,ZUSD,372,490
PYTHEUR,PYTH/EUR,4,PYTH,EUR,ZEUR,373,167
PYTHUSD,PYTH/USD,4,PYTH,USD,ZUSD,373,490
PYUSDEUR,PYUSD/EUR,5,PYUSD,EUR,ZEUR,374,167
PYUSDUSD,PYUSD/USD,5,PYUSD,USD,ZUSD,374,490
QEUR,Q/EUR,1,Q,EUR,ZEUR,375,167
QIEUR,QI/EUR,2,QI,EUR,ZEUR,376,167
QIUSD,QI/USD,2,QI,USD,ZUSD,376,490
QNTEUR,QNT/EUR,3,QNT,EUR,ZEUR,377,167
QNTUSD,QNT/USD,3,QNT,USD,ZUSD,377,490
QTUMEUR,QTUM/EUR,4,QTUM,EUR,ZEUR,378,167
QTUMUSD,QTUM/USD,4,QTUM,USD,ZUSD,378,490
QUSD,Q/USD,1,Q,USD,ZUSD,375,490
RADEUR,RAD/EUR,3,RAD,EUR,ZEUR,379,167
RADUSD,RAD/USD,3,RAD,USD,ZUSD,379,490
RAIINEUR,RAIIN/EUR,5,RAIIN,EUR,ZEUR,380,167
RAIINUSD,RAIIN/USD,5,RAIIN,USD,ZUSD,380,490
RAREEUR,RARE/EUR,4,RARE,EUR,ZEUR,381,167
RAREUSD,RARE/USD,4,RARE,USD,ZUSD,381,490
RARIEUR,RARI/EUR,4,RARI,EUR,ZEUR,382,167
RARIUSD,RARI/USD,4,RARI,USD,ZUSD,382,490
RAYEUR,RAY/EUR,3,RAY,EUR,ZEUR,383,167
RAYUSD,RAY/USD,3,RAY,USD,ZUSD,383,490
RBCEUR,RBC/EUR,3,RBC,EUR,ZEUR,384,167
RBCUSD,RBC/USD,3,RBC,USD,ZUSD,384,490
REDEUR,RED/EUR,3,RED,EUR,ZEUR,385,167
REDUSD,RED/USD,3,RED,USD,ZUSD,385,490
REKTEUR,REKT/EUR,4,REKT,EUR,ZEUR,386,167
REKTUSD,REKT/USD,4,REKT,USD,ZUSD,386,490
RENDEREUR,RENDER/EUR,6,RENDER,EUR,ZEUR,388,167
RENDERUSD,RENDER/USD,6,RENDER,USD,ZUSD,388,490
RENEUR,REN/EUR,3,REN,EUR,ZEUR,387,167
RENUSD,REN/USD,3,REN,USD,ZUSD,387,490
REPV2EUR,REPV2/EUR,5,REPV2,EUR,ZEUR,390,167
REPV2USD,REPV2/USD,5,REPV2,USD,ZUSD,390,490
REQEUR,REQ/EUR,3,REQ,EUR,ZEUR,391,167
REQUSD,REQ/USD,3,REQ,USD,ZUSD,391,490
RETARDIOEUR,RETARDIO/EUR,8,RETARDIO,EUR,ZEUR,392,167
RETARDIOUSD,RETARDIO/USD,8,RETARDIO,USD,ZUSD,392,490
REZEUR,REZ/EUR,3,REZ,EUR,ZEUR,393,167
REZUSD,REZ/USD,3,REZ,USD,ZUSD,393,490
RHEAEUR,RHEA/EUR,4,RHEA,EUR,ZEUR,394,167
RHEAUSD,RHEA/USD,4,RHEA,USD,ZUSD,394,490
RIZEEUR,RIZE/EUR,4,RIZE,EUR,ZEUR,395,167
RIZEUSD,RIZE/USD,4,RIZE,USD,ZUSD,395,490
RLCEUR,RLC/EUR,3,RLC,EUR,ZEUR,396,167
RLCUSD,RLC/USD,3,RLC,USD,ZUSD,396,490
RLUSDEUR,RLUSD/EUR,5,RLUSD,EUR,ZEUR,397,167
RLUSDUSD,RLUSD/USD,5,RLUSD,USD,ZUSD,397,490
RLUSDUSDC,RLUSD/USDC,5,RLUSD,USDC,USDC,397,492
RLUSDUSDT,RLUSD/USDT,5,RLUSD,USDT,USDT,397,499
ROOKEUR,ROOK/EUR,4,ROOK,EUR,ZEUR,398,167
ROOKUSD,ROOK/USD,4,ROOK,USD,ZUSD,398,490
RPLEUR,RPL/EUR,3,RPL,EUR,ZEUR,399,167
RPLUSD,RPL/USD,3,RPL,USD,ZUSD,399,490
RSREUR,RSR/EUR,3,RSR,EUR,ZEUR,400,167
RSRUSD,RSR/USD,3,RSR,USD,ZUSD,400,490
RUJIEUR,RUJI/EUR,4,RUJI,EUR,ZEUR,401,167
RUJIUSD,RUJI/USD,4,RUJI,USD,ZUSD,401,490
RUNEEUR,RUNE/EUR,4,RUNE,EUR,ZEUR,402,167
RUNEUSD,RUNE/USD,4,RUNE,USD,ZUSD,402,490
SAFEEUR,SAFE/EUR,4,SAFE,EUR,ZEUR,404,167
SAFEUSD,SAFE/USD,4,SAFE,USD,ZUSD,404,490
SAGAEUR,SAGA/EUR,4,SAGA,EUR,ZEUR,405,167
SAGAUSD,SAGA/USD,4,SAGA,USD,ZUSD,405,490
SAHARAEUR,SAHARA/EUR,6,SAHARA,EUR,ZEUR,406,167
SAHARAUSD,SAHARA/USD,6,SAHARA,USD,ZUSD,406,490
SAMOEUR,SAMO/EUR,4,SAMO,EUR,ZEUR,407,167
SAMOUSD,SAMO/USD,4,SAMO,USD,ZUSD,407,490
SANDEUR,SAND/EUR,4,SAND,EUR,ZEUR,408,167
SANDGBP,SAND/GBP,4,SAND,GBP,ZGBP,408,194
SANDUSD,SAND/USD,4,SAND,USD,ZUSD,408,490
SANDXBT,SAND/XBT,4,SAND,XBT,XXBT,408,529
SAPIENEUR,SAPIEN/EUR,6,SAPIEN,EUR,ZEUR,409,167
SAPIENUSD,SAPIEN/USD,6,SAPIEN,USD,ZUSD,409,490
SAROSEUR,SAROS/EUR,5,SAROS,EUR,ZEUR,410,167
SAROSUSD,SAROS/USD,5,SAROS,USD,ZUSD,410,490
SBREUR,SBR/EUR,3,SBR,EUR,ZEUR,411,167
SBRUSD,SBR/USD,3,SBR,USD,ZUSD,411,490
SCAEUR,SCA/EUR,3,SCA,EUR,ZEUR,413,167
SCAUSD,SCA/USD,3,SCA,USD,ZUSD,413,490
SCEUR,SC/EUR,2,SC,EUR,ZEUR,412,167
SCRTEUR,SCRT/EUR,4,SCRT,EUR,ZEUR,414,167
SCRTUSD,SCRT/USD,4,SCRT,USD,ZUSD,414,490
SCUSD,SC/USD,2,SC,USD,ZUSD,412,490
SCXBT,SC/XBT,2,SC,XBT,XXBT,412,529
SDNEUR,SDN/EUR,3,SDN,EUR,ZEUR,415,167
SDNUSD,SDN/USD,3,SDN,USD,ZUSD,415,490
SEIEUR,SEI/EUR,3,SEI,EUR,ZEUR,416,167
SEIUSD,SEI/USD,3,SEI,USD,ZUSD,416,490
SEUR,S/EUR,1,S,EUR,ZEUR,403,167
SGBEUR,SGB/EUR,3,SGB,EUR,ZEUR,417,167
SGBUSD,SGB/USD,3,SGB,USD,ZUSD,417,490
SHIBEUR,SHIB/EUR,4,SHIB,EUR,ZEUR,418,167
SHIBUSD,SHIB/USD,4,SHIB,USD,ZUSD,418,490
SHIBUSDC,SHIB/USDC,4,SHIB,USDC,USDC,418,492
SHIBUSDT,SHIB/USDT,4,SHIB,USDT,USDT,418,499
SHXEUR,SHX/EUR,3,SHX,EUR,ZEUR,419,167
SHXUSD,SHX/USD,3,SHX,USD,ZUSD,419,490
SIDEKICKEUR,SIDEKICK/EUR,8,SIDEKICK,EUR,ZEUR,420,167
SIDEKICKUSD,SIDEKICK/USD,8,SIDEKICK,USD,ZUSD,420,490
SIDEKICKUSDT,SIDEKICK/USDT,8,SIDEKICK,USDT,USDT,420,499
SIGMAEUR,SIGMA/EUR,5,SIGMA,EUR,ZEUR,421,167
SIGMAUSD,SIGMA/USD,5,SIGMA,USD,ZUSD,421,490
SKYEUR,SKY/EUR,3,SKY,EUR,ZEUR,422,167
SKYUSD,SKY/USD,3,SKY,USD,ZUSD,422,490
SLAYEUR,SLAY/EUR,4,SLAY,EUR,ZEUR,423,167
SLAYUSD,SLAY/USD,4,SLAY,USD,ZUSD,423,490
SNEKEUR,SNEK/EUR,4,SNEK,EUR,ZEUR,424,167
SNEKUSD,SNEK/USD,4,SNEK,USD,ZUSD,424,490
SNXEUR,SNX/EUR,3,SNX,EUR,ZEUR,425,167
SNXUSD,SNX/USD,3,SNX,USD,ZUSD,425,490
SNXXBT,SNX/XBT,3,SNX,XBT,XXBT,425,529
SOGNIEUR,SOGNI/EUR,5,SOGNI,EUR,ZEUR,426,167
SOGNIUSD,SOGNI/USD,5,SOGNI,USD,ZUSD,426,490
SOLAUD,SOL/AUD,3,SOL,AUD,ZAUD,427,54
SOLCAD,SOL/CAD,3,SOL,CAD,ZCAD,427,97
SOLETH,SOL/ETH,3,SOL,ETH,XETH,427,163
SOLEUR,SOL/EUR,3,SOL,EUR,ZEUR,427,167
SOLEURC,SOL/EURC,3,SOL,EURC,EURC,427,168
SOLGBP,SOL/GBP,3,SOL,GBP,ZGBP,427,194
SOLUSD,SOL/USD,3,SOL,USD,ZUSD,427,490
SOLUSD1,SOL/USD1,3,SOL,USD1,USD1,427,491
SOLUSDC,SOL/USDC,3,SOL,USDC,USDC,427,492
SOLUSDT,SOL/USDT,3,SOL,USDT,USDT,427,499
SOLVEUR,SOLV/EUR,4,SOLV,EUR,ZEUR,428,167
SOLVUSD,SOLV/USD,4,SOLV,USD,ZUSD,428,490
SOLXBT,SOL/XBT,3,SOL,XBT,XXBT,427,529
SOMIEUR,SOMI/EUR,4,SOMI,EUR,ZEUR,429,167
SOMIUSD,SOMI/USD,4,SOMI,USD,ZUSD,429,490
SONICEUR,SONIC/EUR,5,SONIC,EUR,ZEUR,430,167
SONICUSD,SONIC/USD,5,SONIC,USD,ZUSD,430,490
SOONEUR,SOON/EUR,4,SOON,EUR,ZEUR,431,167
SOONUSD,SOON/USD,4,SOON,USD,ZUSD,431,490
SOSOEUR,SOSO/EUR,4,SOSO,EUR,ZEUR,432,167
SOSOUSD,SOSO/USD,4,SOSO,USD,ZUSD,432,490
SPELLEUR,SPELL/EUR,5,SPELL,EUR,ZEUR,433,167
SPELLUSD,SPELL/USD,5,SPELL,USD,ZUSD,433,490
SPICEEUR,SPICE/EUR,5,SPICE,EUR,ZEUR,434,167
SPICEUSD,SPICE/USD,5,SPICE,USD,ZUSD,434,490
SPKEUR,SPK/EUR,3,SPK,EUR,ZEUR,435,167
SPKUSD,SPK/USD,3,SPK,USD,ZUSD,435,490
SPXEUR,SPX/EUR,3,SPX,EUR,ZEUR,436,167
SPXUSD,SPX/USD,3,SPX,USD,ZUSD,436,490
SRMEUR,SRM/EUR,3,SRM,EUR,ZEUR,437,167
SRMUSD,SRM/USD,3,SRM,USD,ZUSD,437,490
SSVEUR,SSV/EUR,3,SSV,EUR,ZEUR,438,167
SSVUSD,SSV/USD,3,SSV,USD,ZUSD,438,490
STBLEUR,STBL/EUR,4,STBL,EUR,ZEUR,439,167
STBLUSD,STBL/USD,4,STBL,USD,ZUSD,439,490
STEPEUR,STEP/EUR,4,STEP,EUR,ZEUR,440,167
STEPUSD,STEP/USD,4,STEP,USD,ZUSD,440,490
STGEUR,STG/EUR,3,STG,EUR,ZEUR,441,167
STGUSD,STG/USD,3,STG,USD,ZUSD,441,490
STORJEUR,STORJ/EUR,5,STORJ,EUR,ZEUR,442,167
STORJUSD,STORJ/USD,5,STORJ,USD,ZUSD,442,490
STRDEUR,STRD/EUR,4,STRD,EUR,ZEUR,443,167
STRDUSD,STRD/USD,4,STRD,USD,ZUSD,443,490
STRKEUR,STRK/EUR,4,STRK,EUR,ZEUR,444,167
STRKUSD,STRK/USD,4,STRK,USD,ZUSD,444,490
STXEUR,STX/EUR,3,STX,EUR,ZEUR,445,167
STXUSD,STX/USD,3,STX,USD,ZUSD,445,490
SUIEUR,SUI/EUR,3,SUI,EUR,ZEUR,446,167
SUIGBP,SUI/GBP,3,SUI,GBP,ZGBP,446,194
SUIUSD,SUI/USD,3,SUI,USD,ZUSD,446,490
SUKUEUR,SUKU/EUR,4,SUKU,EUR,ZEUR,447,167
SUKUUSD,SUKU/USD,4,SUKU,USD,ZUSD,447,490
SUNDOGEUR,SUNDOG/EUR,6,SUNDOG,EUR,ZEUR,449,167
SUNDOGUSD,SUNDOG/USD,6,SUNDOG,USD,ZUSD,449,490
SUNEUR,SUN/EUR,3,SUN,EUR,ZEUR,448,167
SUNUSD,SUN/USD,3,SUN,USD,ZUSD,448,490
SUPEREUR,SUPER/EUR,5,SUPER,EUR,ZEUR,450,167
SUPERUSD,SUPER/USD,5,SUPER,USD,ZUSD,450,490
SUSD,S/USD,1,S,USD,ZUSD,403,490
SUSDC,S/USDC,1,S,USDC,USDC,403,492
SUSDT,S/USDT,1,S,USDT,USDT,403,499
SUSHIEUR,SUSHI/EUR,5,SUSHI,EUR,ZEUR,451,167
SUSHIUSD,SUSHI/USD,5,SUSHI,USD,ZUSD,451,490
SWARMSEUR,SWARMS/EUR,6,SWARMS,EUR,ZEUR,452,167
SWARMSUSD,SWARMS/USD,6,SWARMS,USD,ZUSD,452,490
SWEATEUR,SWEAT/EUR,5,SWEAT,EUR,ZEUR,453,167
SWEATUSD,SWEAT/USD,5,SWEAT,USD,ZUSD,453,490
SWELLEUR,SWELL/EUR,5,SWELL,EUR,ZEUR,454,167
SWELLUSD,SWELL/USD,5,SWELL,USD,ZUSD,454,490
SXTEUR,SXT/EUR,3,SXT,EUR,ZEUR,455,167
SXTUSD,SXT/USD,3,SXT,USD,ZUSD,455,490
SYNDEUR,SYND/EUR,4,SYND,EUR,ZEUR,457,167
SYNDUSD,SYND/USD,4,SYND,USD,ZUSD,457,490
SYNEUR,SYN/EUR,3,SYN,EUR,ZEUR,456,167
SYNUSD,SYN/USD,3,SYN,USD,ZUSD,456,490
SYRUPEUR,SYRUP/EUR,5,SYRUP,EUR,ZEUR,458,167
SYRUPUSD,SYRUP/USD,5,SYRUP,USD,ZUSD,458,490
TACEUR,TAC/EUR,3,TAC,EUR,ZEUR,460,167
TACUSD,TAC/USD,3,TAC,USD,ZUSD,460,490
TANSSIEUR,TANSSI/EUR,6,TANSSI,EUR,ZEUR,461,167
TANSSIUSD,TANSSI/USD,6,TANSSI,USD,ZUSD,461,490
TAOEUR,TAO/EUR,3,TAO,EUR,ZEUR,462,167
TAOUSD,TAO/USD,3,TAO,USD,ZUSD,462,490
TBTCEUR,TBTC/EUR,4,TBTC,EUR,ZEUR,463,167
TBTCUSD,TBTC/USD,4,TBTC,USD,ZUSD,463,490
TBTCXBT,TBTC/XBT,4,TBTC,XBT,XXBT,463,529
TEEREUR,TEER/EUR,4,TEER,EUR,ZEUR,464,167
TEERUSD,TEER/USD,4,TEER,USD,ZUSD,464,490
TERMEUR,TERM/EUR,4,TERM,EUR,ZEUR,465,167
TERMUSD,TERM/USD,4,TERM,USD,ZUSD,465,490
TEUR,T/EUR,1,T,EUR,ZEUR,459,167
TIAEUR,TIA/EUR,3,TIA,EUR,ZEUR,466,167
TIAUSD,TIA/USD,3,TIA,USD,ZUSD,466,490
TITCOINEUR,TITCOIN/EUR,7,TITCOIN,EUR,ZEUR,467,167
TITCOINUSD,TITCOIN/USD,7,TITCOIN,USD,ZUSD,467,490
TLMEUR,TLM/EUR,3,TLM,EUR,ZEUR,468,167
TLMUSD,TLM/USD,3,TLM,USD,ZUSD,468,490
TNSREUR,TNSR/EUR,4,TNSR,EUR,ZEUR,469,167
TNSRUSD,TNSR/USD,4,TNSR,USD,ZUSD,469,490
TOKEEUR,TOKE/EUR,4,TOKE,EUR,ZEUR,470,167
TOKENEUR,TOKEN/EUR,5,TOKEN,EUR,ZEUR,471,167
TOKENUSD,TOKEN/USD,5,TOKEN,USD,ZUSD,471,490
TOKEUSD,TOKE/USD,4,TOKE,USD,ZUSD,470,490
TONEUR,TON/EUR,3,TON,EUR,ZEUR,472,167
TONUSD,TON/USD,3,TON,USD,ZUSD,472,490
TONUSDC,TON/USDC,3,TON,USDC,USDC,472,492
TONUSDT,TON/USDT,3,TON,USDT,USDT,472,499
TOSHIEUR,TOSHI/EUR,5,TOSHI,EUR,ZEUR,473,167
TOSHIUSD,TOSHI/USD,5,TOSHI,USD,ZUSD,473,490
TRACEUR,TRAC/EUR,4,TRAC,EUR,ZEUR,474,167
TRACUSD,TRAC/USD,4,TRAC,USD,ZUSD,474,490
TREEEUR,TREE/EUR,4,TREE,EUR,ZEUR,475,167
TREEUSD,TREE/USD,4,TREE,USD,ZUSD,475,490
TREMPEUR,TREMP/EUR,5,TREMP,EUR,ZEUR,476,167
TREMPUSD,TREMP/USD,5,TREMP,USD,ZUSD,476,490
TRUEUR,TRU/EUR,3,TRU,EUR,ZEUR,477,167
TRUMPEUR,TRUMP/EUR,5,TRUMP,EUR,ZEUR,478,167
TRUMPUSD,TRUMP/USD,5,TRUMP,USD,ZUSD,478,490
TRUMPUSDC,TRUMP/USDC,5,TRUMP,USDC,USDC,478,492
TRUMPUSDT,TRUMP/USDT,5,TRUMP,USDT,USDT,478,499
TRUUSD,TRU/USD,3,TRU,USD,ZUSD,477,490
TRXETH,TRX/ETH,3,TRX,ETH,XETH,479,163
TRXEUR,TRX/EUR,3,TRX,EUR,ZEUR,479,167
TRXUSD,TRX/USD,3,TRX,USD,ZUSD,479,490
TRXUSDD,TRX/USDD,3,TRX,USDD,USDD,479,493
TRXXBT,TRX/XBT,3,TRX,XBT,XXBT,479,529
TURBOEUR,TURBO/EUR,5,TURBO,EUR,ZEUR,480,167
TURBOUSD,TURBO/USD,5,TURBO,USD,ZUSD,480,490
TUSD,T/USD,1,T,USD,ZUSD,459,490
TUSDEUR,TUSD/EUR,4,TUSD,EUR,ZEUR,481,167
TUSDUSD,TUSD/USD,4,TUSD,USD,ZUSD,481,490
TVKEUR,TVK/EUR,3,TVK,EUR,ZEUR,482,167
TVKUSD,TVK/USD,3,TVK,USD,ZUSD,482,490
U2UEUR,U2U/EUR,3,U2U,EUR,ZEUR,484,167
U2UUSD,U2U/USD,3,U2U,USD,ZUSD,484,490
UEUR,U/EUR,1,U,EUR,ZEUR,483,167
UFDEUR,UFD/EUR,3,UFD,EUR,ZEUR,485,167
UFDUSD,UFD/USD,3,UFD,USD,ZUSD,485,490
UMAEUR,UMA/EUR,3,UMA,EUR,ZEUR,486,167
UMAUSD,UMA/USD,3,UMA,USD,ZUSD,486,490
UNFIEUR,UNFI/EUR,4,UNFI,EUR,ZEUR,487,167
UNFIUSD,UNFI/USD,4,UNFI,USD,ZUSD,487,490
UNIETH,UNI/ETH,3,UNI,ETH,XETH,488,163
UNIEUR,UNI/EUR,3,UNI,EUR,ZEUR,488,167
UNITEEUR,UNITE/EUR,5,UNITE,EUR,ZEUR,489,167
UNITEUSD,UNITE/USD,5,UNITE,USD,ZUSD,489,490
UNIUSD,UNI/USD,3,UNI,USD,ZUSD,488,490
UNIXBT,UNI/XBT,3,UNI,XBT,XXBT,488,529
USD1USD,USD1/USD,4,USD1,USD,ZUSD,491,490
USD1USDC,USD1/USDC,4,USD1,USDC,USDC,491,492
USDCAUD,USDC/AUD,4,USDC,AUD,ZAUD,492,54
USDCCAD,USDC/CAD,4,USDC,CAD,ZCAD,492,97
USDCCHF,USDC/CHF,4,USDC,CHF,CHF,492,109
USDCEUR,USDC/EUR,4,USDC,EUR,ZEUR,492,167
USDCGBP,USDC/GBP,4,USDC,GBP,ZGBP,492,194
USDCHF,USD/CHF,3,USD,CHF,CHF,490,109
USDCUSD,USDC/USD,4,USDC,USD,ZUSD,492,490
USDCUSDT,USDC/USDT,4,USDC,USDT,USDT,492,499
USDDEUR,USDD/EUR,4,USDD,EUR,ZEUR,493,167
USDDUSD,USDD/USD,4,USDD,USD,ZUSD,493,490
USDEEUR,USDE/EUR,4,USDE,EUR,ZEUR,494,167
USDEUSD,USDE/USD,4,USDE,USD,ZUSD,494,490
USDEUSDC,USDE/USDC,4,USDE,USDC,USDC,494,492
USDEUSDT,USDE/USDT,4,USDE,USDT,USDT,494,499
USDGEUR,USDG/EUR,4,USDG,EUR,ZEUR,495,167
USDGUSD,USDG/USD,4,USDG,USD,ZUSD,495,490
USDGUSDC,USDG/USDC,4,USDG,USDC,USDC,495,492
USDGUSDT,USDG/USDT,4,USDG,USDT,USDT,495,499
USDQEUR,USDQ/EUR,4,USDQ,EUR,ZEUR,496,167
USDQUSD,USDQ/USD,4,USDQ,USD,ZUSD,496,490
USDQUSDC,USDQ/USDC,4,USDQ,USDC,USDC,496,492
USDQUSDT,USDQ/USDT,4,USDQ,USDT,USDT,496,499
USDREUR,USDR/EUR,4,USDR,EUR,ZEUR,497,167
USDRUSD,USDR/USD,4,USDR,USD,ZUSD,497,490
USDRUSDC,USDR/USDC,4,USDR,USDC,USDC,497,492
USDRUSDT,USDR/USDT,4,USDR,USDT,USDT,497,499
USDSEUR,USDS/EUR,4,USDS,EUR,ZEUR,498,167
USDSUSD,USDS/USD,4,USDS,USD,ZUSD,498,490
USDTAUD,USDT/AUD,4,USDT,AUD,ZAUD,499,54
USDTCAD,USDT/CAD,4,USDT,CAD,ZCAD,499,97
USDTCHF,USDT/CHF,4,USDT,CHF,CHF,499,109
USDTEUR,USDT/EUR,4,USDT,EUR,ZEUR,499,167
USDTGBP,USDT/GBP,4,USDT,GBP,ZGBP,499,194
USDTJPY,USDT/JPY,4,USDT,JPY,ZJPY,499,234
USDTUSD,USDT/USD,4,USDT,USD,ZUSD,499,490
USDUCEUR,USDUC/EUR,5,USDUC,EUR,ZEUR,500,167
USDUCUSD,USDUC/USD,5,USDUC,USD,ZUSD,500,490
USELESSEUR,USELESS/EUR,7,USELESS,EUR,ZEUR,501,167
USELESSUSD,USELESS/USD,7,USELESS,USD,ZUSD,501,490
USTEUR,UST/EUR,3,UST,EUR,ZEUR,502,167
USTUSD,UST/USD,3,UST,USD,ZUSD,502,490
USTUSDC,UST/USDC,3,UST,USDC,USDC,502,492
USTUSDT,UST/USDT,3,UST,USDT,USDT,502,499
USUALEUR,USUAL/EUR,5,USUAL,EUR,ZEUR,503,167
USUALUSD,USUAL/USD,5,USUAL,USD,ZUSD,503,490
UUSD,U/USD,1,U,USD,ZUSD,483,490
VANRYEUR,VANRY/EUR,5,VANRY,EUR,ZEUR,504,167
VANRYUSD,VANRY/USD,5,VANRY,USD,ZUSD,504,490
VELODROMEEUR,VELODROME/EUR,9,VELODROME,EUR,ZEUR,505,167
VELODROMEUSD,VELODROME/USD,9,VELODROME,USD,ZUSD,505,490
VELVETEUR,VELVET/EUR,6,VELVET,EUR,ZEUR,506,167
VELVETUSD,VELVET/USD,6,VELVET,USD,ZUSD,506,490
VERSEEUR,VERSE/EUR,5,VERSE,EUR,ZEUR,507,167
VERSEUSD,VERSE/USD,5,VERSE,USD,ZUSD,507,490
VFYEUR,VFY/EUR,3,VFY,EUR,ZEUR,508,167
VFYUSD,VFY/USD,3,VFY,USD,ZUSD,508,490
VINEEUR,VINE/EUR,4,VINE,EUR,ZEUR,509,167
VINEUSD,VINE/USD,4,VINE,USD,ZUSD,509,490
VIRTUALEUR,VIRTUAL/EUR,7,VIRTUAL,EUR,ZEUR,510,167
VIRTUALUSD,VIRTUAL/USD,7,VIRTUAL,USD,ZUSD,510,490
VIRTUALUSDC,VIRTUAL/USDC,7,VIRTUAL,USDC,USDC,510,492
VIRTUALUSDT,VIRTUAL/USDT,7,VIRTUAL,USDT,USDT,510,499
VSNEUR,VSN/EUR,3,VSN,EUR,ZEUR,511,167
VSNUSD,VSN/USD,3,VSN,USD,ZUSD,511,490
VULTEUR,VULT/EUR,4,VULT,EUR,ZEUR,512,167
VULTUSD,VULT/USD,4,VULT,USD,ZUSD,512,490
VVVEUR,VVV/EUR,3,VVV,EUR,ZEUR,513,167
VVVUSD,VVV/USD,3,VVV,USD,ZUSD,513,490
WALEUR,WAL/EUR,3,WAL,EUR,ZEUR,515,167
WALUSD,WAL/USD,3,WAL,USD,ZUSD,515,490
WAXLEUR,WAXL/EUR,4,WAXL,EUR,ZEUR,516,167
WAXLUSD,WAXL/USD,4,WAXL,USD,ZUSD,516,490
WBTCEUR,WBTC/EUR,4,WBTC,EUR,ZEUR,517,167
WBTCUSD,WBTC/USD,4,WBTC,USD,ZUSD,517,490
WBTCXBT,WBTC/XBT,4,WBTC,XBT,XXBT,517,529
WCTEUR,WCT/EUR,3,WCT,EUR,ZEUR,518,167
WCTUSD,WCT/USD,3,WCT,USD,ZUSD,518,490
WELLEUR,WELL/EUR,4,WELL,EUR,ZEUR,519,167
WELLUSD,WELL/USD,4,WELL,USD,ZUSD,519,490
WENEUR,WEN/EUR,3,WEN,EUR,ZEUR,520,167
WENUSD,WEN/USD,3,WEN,USD,ZUSD,520,490
WEUR,W/EUR,1,W,EUR,ZEUR,514,167
WIFEUR,WIF/EUR,3,WIF,EUR,ZEUR,521,167
WIFGBP,WIF/GBP,3,WIF,GBP,ZGBP,521,194
WIFUSD,WIF/USD,3,WIF,USD,ZUSD,521,490
WINEUR,WIN/EUR,3,WIN,EUR,ZEUR,522,167
WINUSD,WIN/USD,3,WIN,USD,ZUSD,522,490
WLDEUR,WLD/EUR,3,WLD,EUR,ZEUR,523,167
WLDUSD,WLD/USD,3,WLD,USD,ZUSD,523,490
WLFIEUR,WLFI/EUR,4,WLFI,EUR,ZEUR,524,167
WLFIUSD,WLFI/USD,4,WLFI,USD,ZUSD,524,490
WMTXEUR,WMTX/EUR,4,WMTX,EUR,ZEUR,525,167
WMTXUSD,WMTX/USD,4,WMTX,USD,ZUSD,525,490
WOOEUR,WOO/EUR,3,WOO,EUR,ZEUR,526,167
WOOUSD,WOO/USD,3,WOO,USD,ZUSD,526,490
WUSD,W/USD,1,W,USD,ZUSD,514,490
XANEUR,XAN/EUR,3,XAN,EUR,ZEUR,527,167
XANUSD,XAN/USD,3,XAN,USD,ZUSD,527,490
XAUTUSD,XAUT/USD,4,XAUT,USD,ZUSD,528,490
XAUTUSDT,XAUT/USDT,4,XAUT,USDT,USDT,528,499
XBTAUD,XBT/AUD,3,XBT,AUD,ZAUD,529,54
XBTCHF,XBT/CHF,3,XBT,CHF,CHF,529,109
XBTDAI,XBT/DAI,3,XBT,DAI,DAI,529,134
XBTEURC,XBT/EURC,3,XBT,EURC,EURC,529,168
XBTPYUSD,XBT/PYUSD,3,XBT,PYUSD,PYUSD,529,374
XBTUSD1,XBT/USD1,3,XBT,USD1,USD1,529,491
XBTUSDC,XBT/USDC,3,XBT,USDC,USDC,529,492
XBTUSDT,XBT/USDT,3,XBT,USDT,USDT,529,499
XCNEUR,XCN/EUR,3,XCN,EUR,ZEUR,530,167
XCNUSD,XCN/USD,3,XCN,USD,ZUSD,530,490
XDCCAD,XDC/CAD,3,XDC,CAD,ZCAD,531,97
XDCEUR,XDC/EUR,3,XDC,EUR,ZEUR,531,167
XDCUSD,XDC/USD,3,XDC,USD,ZUSD,531,490
XDCUSDC,XDC/USDC,3,XDC,USDC,USDC,531,492
XDGAUD,XDG/AUD,3,XDG,AUD,ZAUD,532,54
XDGCAD,XDG/CAD,3,XDG,CAD,ZCAD,532,97
XDGEUR,XDG/EUR,3,XDG,EUR,ZEUR,532,167
XDGGBP,XDG/GBP,3,XDG,GBP,ZGBP,532,194
XDGUSD,XDG/USD,3,XDG,USD,ZUSD,532,490
XDGUSDC,XDG/USDC,3,XDG,USDC,USDC,532,492
XDGUSDT,XDG/USDT,3,XDG,USDT,USDT,532,499
ETCETH,ETC/ETH,3,ETC,ETH,XETH,162,163
ETCXBT,ETC/XBT,3,ETC,XBT,XXBT,162,529
ETCEUR,ETC/EUR,3,ETC,EUR,ZEUR,162,167
ETCUSD,ETC/USD,3,ETC,USD,ZUSD,162,490
ETHXBT,ETH/XBT,3,ETH,XBT,XXBT,163,529
ETHCAD,ETH/CAD,3,ETH,CAD,ZCAD,163,97
ETHEUR,ETH/EUR,3,ETH,EUR,ZEUR,163,167
ETHGBP,ETH/GBP,3,ETH,GBP,ZGBP,163,194
ETHJPY,ETH/JPY,3,ETH,JPY,ZJPY,163,234
ETHUSD,ETH/USD,3,ETH,USD,ZUSD,163,490
XIONEUR,XION/EUR,4,XION,EUR,ZEUR,533,167
XIONUSD,XION/USD,4,XION,USD,ZUSD,533,490
XL1EUR,XL1/EUR,3,XL1,EUR,ZEUR,534,167
XL1USD,XL1/USD,3,XL1,USD,ZUSD,534,490
LTCXBT,LTC/XBT,3,LTC,XBT,XXBT,275,529
LTCEUR,LTC/EUR,3,LTC,EUR,ZEUR,275,167
LTCJPY,LTC/JPY,3,LTC,JPY,ZJPY,275,234
LTCUSD,LTC/USD,3,LTC,USD,ZUSD,275,490
MLNXBT,MLN/XBT,3,MLN,XBT,XXBT,298,529
MLNEUR,MLN/EUR,3,MLN,EUR,ZEUR,298,167
MLNUSD,MLN/USD,3,MLN,USD,ZUSD,298,490
XMNEUR,XMN/EUR,3,XMN,EUR,ZEUR,536,167
XMNUSD,XMN/USD,3,XMN,USD,ZUSD,536,490
XMRUSDC,XMR/USDC,3,XMR,USDC,USDC,537,492
XMRUSDT,XMR/USDT,3,XMR,USDT,USDT,537,499
XNAPEUR,XNAP/EUR,4,XNAP,EUR,ZEUR,538,167
XNAPUSD,XNAP/USD,4,XNAP,USD,ZUSD,538,490
XNYEUR,XNY/EUR,3,XNY,EUR,ZEUR,539,167
XNYUSD,XNY/USD,3,XNY,USD,ZUSD,539,490
XPLEUR,XPL/EUR,3,XPL,EUR,ZEUR,540,167
XPLUSD,XPL/USD,3,XPL,USD,ZUSD,540,490
REPEUR,REP/EUR,3,REP,EUR,ZEUR,389,167
REPUSD,REP/USD,3,REP,USD,ZUSD,389,490
XRPAUD,XRP/AUD,3,XRP,AUD,ZAUD,541,54
XRPETH,XRP/ETH,3,XRP,ETH,XETH,541,163
XRPGBP,XRP/GBP,3,XRP,GBP,ZGBP,541,194
XRPRLUSD,XRP/RLUSD,3,XRP,RLUSD,RLUSD,541,397
XRPUSDC,XRP/USDC,3,XRP,USDC,USDC,541,492
XRPUSDT,XRP/USDT,3,XRP,USDT,USDT,541,499
XRTEUR,XRT/EUR,3,XRT,EUR,ZEUR,542,167
XRTUSD,XRT/USD,3,XRT,USD,ZUSD,542,490
XTEREUR,XTER/EUR,4,XTER,EUR,ZEUR,543,167
XTERUSD,XTER/USD,4,XTER,USD,ZUSD,543,490
XTZEUR,XTZ/EUR,3,XTZ,EUR,ZEUR,544,167
XTZUSD,XTZ/USD,3,XTZ,USD,ZUSD,544,490
XTZUSDC,XTZ/USDC,3,XTZ,USDC,USDC,544,492
XTZUSDT,XTZ/USDT,3,XTZ,USDT,USDT,544,499
XBTEUROP,XBT/EUROP,3,XBT,EUROP,EUROP,529,169
XBTUSDQ,XBT/USDQ,3,XBT,USDQ,USDQ,529,496
XBTUSDR,XBT/USDR,3,XBT,USDR,USDR,529,497
XBTCAD,XBT/CAD,3,XBT,CAD,ZCAD,529,97
XBTEUR,XBT/EUR,3,XBT,EUR,ZEUR,529,167
XBTGBP,XBT/GBP,3,XBT,GBP,ZGBP,529,194
XBTJPY,XBT/JPY,3,XBT,JPY,ZJPY,529,234
XBTUSD,XBT/USD,3,XBT,USD,ZUSD,529,490
XDGXBT,XDG/XBT,3,XDG,XBT,XXBT,532,529
XLMXBT,XLM/XBT,3,XLM,XBT,XXBT,535,529
XLMEUR,XLM/EUR,3,XLM,EUR,ZEUR,535,167
XLMGBP,XLM/GBP,3,XLM,GBP,ZGBP,535,194
XLMUSD,XLM/USD,3,XLM,USD,ZUSD,535,490
XMRXBT,XMR/XBT,3,XMR,XBT,XXBT,537,529
XMREUR,XMR/EUR,3,XMR,EUR,ZEUR,537,167
XMRUSD,XMR/USD,3,XMR,USD,ZUSD,537,490
XRPXBT,XRP/XBT,3,XRP,XBT,XXBT,541,529
XRPCAD,XRP/CAD,3,XRP,CAD,ZCAD,541,97
XRPEUR,XRP/EUR,3,XRP,EUR,ZEUR,541,167
XRPUSD,XRP/USD,3,XRP,USD,ZUSD,541,490
XYOEUR,XYO/EUR,3,XYO,EUR,ZEUR,545,167
XYOUSD,XYO/USD,3,XYO,USD,ZUSD,545,490
ZECEUR,ZEC/EUR,3,ZEC,EUR,ZEUR,552,167
ZECUSD,ZEC/USD,3,ZEC,USD,ZUSD,552,490
YALAEUR,YALA/EUR,4,YALA,EUR,ZEUR,546,167
YALAUSD,YALA/USD,4,YALA,USD,ZUSD,546,490
YBEUR,YB/EUR,2,YB,EUR,ZEUR,547,167
YBUSD,YB/USD,2,YB,USD,ZUSD,547,490
YFIEUR,YFI/EUR,3,YFI,EUR,ZEUR,548,167
YFIUSD,YFI/USD,3,YFI,USD,ZUSD,548,490
YGGEUR,YGG/EUR,3,YGG,EUR,ZEUR,549,167
YGGUSD,YGG/USD,3,YGG,USD,ZUSD,549,490
ZBCNEUR,ZBCN/EUR,4,ZBCN,EUR,ZEUR,550,167
ZBCNUSD,ZBCN/USD,4,ZBCN,USD,ZUSD,550,490
ZBTEUR,ZBT/EUR,3,ZBT,EUR,ZEUR,551,167
ZBTUSD,ZBT/USD,3,ZBT,USD,ZUSD,551,490
ZEREBROEUR,ZEREBRO/EUR,7,ZEREBRO,EUR,ZEUR,553,167
ZEREBROUSD,ZEREBRO/USD,7,ZEREBRO,USD,ZUSD,553,490
ZETAEUR,ZETA/EUR,4,ZETA,EUR,ZEUR,554,167
ZETAUSD,ZETA/USD,4,ZETA,USD,ZUSD,554,490
EURUSD,EUR/USD,3,EUR,USD,ZUSD,167,490
ZEUSEUR,ZEUS/EUR,4,ZEUS,EUR,ZEUR,555,167
ZEUSUSD,ZEUS/USD,4,ZEUS,USD,ZUSD,555,490
ZEXEUR,ZEX/EUR,3,ZEX,EUR,ZEUR,556,167
ZEXUSD,ZEX/USD,3,ZEX,USD,ZUSD,556,490
GBPUSD,GBP/USD,3,GBP,USD,ZUSD,194,490
ZIGEUR,ZIG/EUR,3,ZIG,EUR,ZEUR,557,167
ZIGUSD,ZIG/USD,3,ZIG,USD,ZUSD,557,490
ZKEUR,ZK/EUR,2,ZK,EUR,ZEUR,558,167
ZKUSD,ZK/USD,2,ZK,USD,ZUSD,558,490
ZORAEUR,ZORA/EUR,4,ZORA,EUR,ZEUR,559,167
ZORAUSD,ZORA/USD,4,ZORA,USD,ZUSD,559,490
ZRCEUR,ZRC/EUR,3,ZRC,EUR,ZEUR,560,167
ZRCUSD,ZRC/USD,3,ZRC,USD,ZUSD,560,490
ZROEUR,ZRO/EUR,3,ZRO,EUR,ZEUR,561,167
ZROUSD,ZRO/USD,3,ZRO,USD,ZUSD,561,490
ZRXEUR,ZRX/EUR,3,ZRX,EUR,ZEUR,562,167
ZRXUSD,ZRX/USD,3,ZRX,USD,ZUSD,562,490
ZRXXBT,ZRX/XBT,3,ZRX,XBT,XXBT,562,529
USDCAD,USD/CAD,3,USD,CAD,ZCAD,490,97
USDJPY,USD/JPY,3,USD,JPY,ZJPY,490,234
